occ_code,occ_title,total_employment,employment_prse,mean_wage_prse,mean_annual,mean_annual_topcoded,median_annual,median_annual_topcoded,pct10_annual,pct25_annual,pct75_annual,pct90_annual,year
11-1011,Chief Executives,211230,1.4,0.7,258900.0,False,206680.0,False,80000.0,130840.0,,,2023
11-1021,General and Operations Managers,3507810,0.4,0.9,129330.0,False,101280.0,False,46340.0,65180.0,160290.0,232110.0,2023
11-1031,Legislators,32460,1.7,1.3,68140.0,False,47290.0,False,21010.0,28810.0,82200.0,129510.0,2023
11-2011,Advertising and Promotions Managers,20630,2.9,2.7,152620.0,False,131870.0,False,63580.0,88810.0,188530.0,,2023
11-2021,Marketing Managers,368940,1.8,0.3,166410.0,False,157620.0,False,79600.0,108000.0,208000.0,,2023
11-2022,Sales Managers,575880,1.3,0.3,157610.0,False,135160.0,False,63700.0,93540.0,196700.0,,2023
11-2032,Public Relations Managers,72760,3.2,1.0,159420.0,False,134760.0,False,76160.0,99180.0,191840.0,,2023
11-2033,Fundraising Managers,31810,1.9,0.9,133620.0,False,119200.0,False,68800.0,86880.0,162660.0,212730.0,2023
11-3012,Administrative Services Managers,242520,1.3,0.4,121200.0,False,106470.0,False,62470.0,81420.0,140870.0,188820.0,2023
11-3013,Facilities Managers,131400,1.2,0.4,111110.0,False,102340.0,False,60840.0,78130.0,133990.0,169020.0,2023
11-3021,Computer and Information Systems Managers,592600,0.5,0.3,180720.0,False,169510.0,False,101590.0,131770.0,214050.0,,2023
11-3031,Financial Managers,787340,1.0,0.5,174820.0,False,156100.0,False,82870.0,110190.0,210830.0,,2023
11-3051,Industrial Production Managers,222890,0.7,0.3,125900.0,False,116970.0,False,72010.0,91590.0,151220.0,190480.0,2023
11-3061,Purchasing Managers,77530,1.2,0.4,146710.0,False,136380.0,False,83510.0,105300.0,172110.0,215170.0,2023
11-3071,"Transportation, Storage, and Distribution Managers",198780,0.7,0.3,111870.0,False,99200.0,False,58810.0,76120.0,133090.0,175530.0,2023
11-3111,Compensation and Benefits Managers,18690,2.6,1.2,150940.0,False,136380.0,False,76550.0,102540.0,181030.0,229970.0,2023
11-3121,Human Resources Managers,200600,1.3,0.4,154740.0,False,136350.0,False,81060.0,103340.0,182120.0,,2023
11-3131,Training and Development Managers,41540,2.4,0.4,138450.0,False,125040.0,False,73410.0,94240.0,166780.0,220060.0,2023
11-9013,"Farmers, Ranchers, and Other Agricultural Managers",6150,4.7,1.4,90160.0,False,83770.0,False,47800.0,63510.0,109090.0,136410.0,2023
11-9021,Construction Managers,329190,2.9,0.5,116960.0,False,104900.0,False,64480.0,81640.0,135550.0,172040.0,2023
11-9031,"Education and Childcare Administrators, Preschool and Daycare",64090,1.7,1.1,61320.0,False,54290.0,False,36550.0,44420.0,69350.0,94890.0,2023
11-9032,"Education Administrators, Kindergarten through Secondary",302580,0.6,0.3,111020.0,False,103460.0,False,70050.0,83050.0,131180.0,163010.0,2023
11-9033,"Education Administrators, Postsecondary",167270,0.3,0.3,122010.0,False,102610.0,False,62970.0,79700.0,137230.0,209870.0,2023
11-9039,"Education Administrators, All Other",50690,1.3,0.7,100720.0,False,88460.0,False,49470.0,64800.0,120120.0,158200.0,2023
11-9041,Architectural and Engineering Managers,207800,2.1,0.5,172290.0,False,165370.0,False,107390.0,132890.0,203030.0,233590.0,2023
11-9051,Food Service Managers,246070,2.1,0.8,69580.0,False,63060.0,False,42990.0,50390.0,79630.0,101240.0,2023
11-9071,Gambling Managers,4590,1.6,1.1,98270.0,False,82380.0,False,49940.0,65210.0,113720.0,159440.0,2023
11-9072,"Entertainment and Recreation Managers, Except Gambling",29690,2.1,1.2,84080.0,False,73460.0,False,42730.0,53480.0,99170.0,133680.0,2023
11-9081,Lodging Managers,41980,1.7,1.1,76790.0,False,65360.0,False,39270.0,49380.0,87930.0,127090.0,2023
11-9111,Medical and Health Services Managers,515100,0.6,0.5,134440.0,False,110680.0,False,67900.0,86080.0,157640.0,216750.0,2023
11-9121,Natural Sciences Managers,96520,1.5,1.1,169120.0,False,157740.0,False,77520.0,109300.0,212080.0,,2023
11-9131,Postmasters and Mail Superintendents,13810,0.0,0.0,89770.0,False,88670.0,False,79060.0,82990.0,95660.0,104940.0,2023
11-9141,"Property, Real Estate, and Community Association Managers",284120,1.1,1.2,78400.0,False,62850.0,False,37540.0,47940.0,92560.0,135990.0,2023
11-9151,Social and Community Service Managers,173650,0.8,0.7,83400.0,False,77030.0,False,48880.0,60860.0,98740.0,127550.0,2023
11-9161,Emergency Management Directors,11910,2.4,0.5,93690.0,False,83960.0,False,50340.0,62630.0,112190.0,151560.0,2023
11-9171,Funeral Home Managers,14200,2.5,1.0,84800.0,False,75660.0,False,44830.0,59650.0,98560.0,131360.0,2023
11-9179,"Personal Service Managers, All Other",11170,6.6,2.6,62980.0,False,57570.0,False,31000.0,41410.0,73650.0,99900.0,2023
11-9199,"Managers, All Other",589750,1.3,0.3,146320.0,False,133560.0,False,67370.0,97990.0,174510.0,225120.0,2023
13-1011,"Agents and Business Managers of Artists, Performers, and Athletes",12870,7.0,4.5,132810.0,False,84900.0,False,47100.0,62280.0,129930.0,,2023
13-1020,Buyers and Purchasing Agents,477980,1.0,0.4,77850.0,False,71950.0,False,43680.0,54910.0,94910.0,121680.0,2023
13-1031,"Claims Adjusters, Examiners, and Investigators",293780,0.9,0.3,75770.0,False,75050.0,False,47390.0,58770.0,91100.0,105440.0,2023
13-1032,"Insurance Appraisers, Auto Damage",8670,4.7,0.8,75660.0,False,74520.0,False,56890.0,63690.0,82740.0,100240.0,2023
13-1041,Compliance Officers,383620,0.4,0.3,80190.0,False,75670.0,False,43790.0,56180.0,100340.0,123710.0,2023
13-1051,Cost Estimators,220970,0.8,0.5,79520.0,False,74740.0,False,44820.0,57130.0,96740.0,124520.0,2023
13-1071,Human Resources Specialists,895970,1.6,0.3,76060.0,False,67650.0,False,42900.0,51510.0,92390.0,121800.0,2023
13-1074,Farm Labor Contractors,460,24.9,10.9,51400.0,False,45730.0,False,26700.0,31970.0,63980.0,89640.0,2023
13-1075,Labor Relations Specialists,62800,1.1,0.9,94620.0,False,89980.0,False,48360.0,65650.0,120610.0,139520.0,2023
13-1081,Logisticians,228470,0.9,0.4,84640.0,False,79400.0,False,47990.0,61440.0,101890.0,128550.0,2023
13-1082,Project Management Specialists,947630,1.2,0.5,104920.0,False,98580.0,False,57500.0,74100.0,129690.0,163040.0,2023
13-1111,Management Analysts,838140,1.6,1.4,115530.0,False,99410.0,False,57840.0,74540.0,130800.0,172280.0,2023
13-1121,"Meeting, Convention, and Event Planners",122130,1.3,0.7,62280.0,False,56920.0,False,34410.0,43450.0,74510.0,99010.0,2023
13-1131,Fundraisers,101730,2.3,0.8,70760.0,False,64160.0,False,39440.0,49560.0,83120.0,106700.0,2023
13-1141,"Compensation, Benefits, and Job Analysis Specialists",99850,1.3,0.9,80620.0,False,74530.0,False,46050.0,56890.0,97960.0,127340.0,2023
13-1151,Training and Development Specialists,403480,0.7,0.5,71980.0,False,64340.0,False,36050.0,47510.0,87890.0,116140.0,2023
13-1161,Market Research Analysts and Marketing Specialists,846370,0.9,0.4,83190.0,False,74680.0,False,40040.0,52840.0,102450.0,137040.0,2023
13-1199,"Business Operations Specialists, All Other",1103440,0.4,0.4,89130.0,False,79590.0,False,44370.0,59010.0,106300.0,140300.0,2023
13-2011,Accountants and Auditors,1435770,0.4,0.3,90780.0,False,79880.0,False,50440.0,62720.0,103990.0,137280.0,2023
13-2020,Property Appraisers and Assessors,62090,6.0,4.7,76110.0,False,61630.0,False,36230.0,46560.0,83600.0,116580.0,2023
13-2031,Budget Analysts,47310,0.6,0.4,90880.0,False,84940.0,False,56760.0,68540.0,107470.0,131630.0,2023
13-2041,Credit Analysts,73200,1.2,0.6,94750.0,False,79420.0,False,50060.0,61600.0,108430.0,164750.0,2023
13-2051,Financial and Investment Analysts,325220,0.8,0.6,112950.0,False,99010.0,False,60830.0,76880.0,129970.0,175840.0,2023
13-2052,Personal Financial Advisors,272190,1.4,1.7,150670.0,False,99580.0,False,48730.0,65320.0,169910.0,,2023
13-2053,Insurance Underwriters,101310,3.5,0.7,85610.0,False,77860.0,False,48480.0,61370.0,102000.0,132010.0,2023
13-2054,Financial Risk Specialists,55290,1.3,0.6,118950.0,False,106090.0,False,61090.0,79140.0,141030.0,184330.0,2023
13-2061,Financial Examiners,63440,1.3,0.4,98140.0,False,84300.0,False,49710.0,63430.0,121280.0,165670.0,2023
13-2071,Credit Counselors,27950,2.1,0.6,53440.0,False,48570.0,False,37460.0,41980.0,59990.0,75030.0,2023
13-2072,Loan Officers,321090,0.8,0.5,84490.0,False,69990.0,False,37020.0,49130.0,100020.0,139470.0,2023
13-2081,"Tax Examiners and Collectors, and Revenue Agents",50250,0.4,0.1,65370.0,False,58530.0,False,37690.0,45360.0,78520.0,107660.0,2023
13-2082,Tax Preparers,81650,2.4,1.2,58160.0,False,49010.0,False,29170.0,35670.0,76020.0,98810.0,2023
13-2099,"Financial Specialists, All Other",122730,1.2,0.9,89650.0,False,78310.0,False,43510.0,57930.0,105060.0,139960.0,2023
15-1211,Computer Systems Analysts,498810,0.8,0.5,110800.0,False,103800.0,False,63230.0,80380.0,132580.0,165700.0,2023
15-1212,Information Security Analysts,175350,1.1,0.5,124740.0,False,120360.0,False,69210.0,90050.0,153550.0,182370.0,2023
15-1221,Computer and Information Research Scientists,35210,3.7,1.0,157160.0,False,145080.0,False,81450.0,109990.0,185160.0,233110.0,2023
15-1231,Computer Network Support Specialists,158720,1.4,0.7,78640.0,False,71530.0,False,45660.0,54700.0,92570.0,121920.0,2023
15-1232,Computer User Support Specialists,689700,0.9,0.4,63640.0,False,59240.0,False,37690.0,46550.0,75950.0,97020.0,2023
15-1241,Computer Network Architects,174100,1.3,0.7,133930.0,False,129840.0,False,77960.0,100120.0,164080.0,195000.0,2023
15-1242,Database Administrators,76140,1.4,0.8,104810.0,False,101510.0,False,54320.0,71940.0,133120.0,157710.0,2023
15-1243,Database Architects,59920,3.6,1.7,137030.0,False,134700.0,False,76000.0,104330.0,166780.0,194960.0,2023
15-1244,Network and Computer Systems Administrators,323020,0.7,0.5,100580.0,False,95360.0,False,58680.0,74400.0,121910.0,148710.0,2023
15-1251,Computer Programmers,120370,2.4,1.1,107750.0,False,99700.0,False,58950.0,74610.0,129650.0,167230.0,2023
15-1252,Software Developers,1656880,0.7,0.4,138110.0,False,132270.0,False,77020.0,101200.0,167540.0,208620.0,2023
15-1253,Software Quality Assurance Analysts and Testers,203040,1.1,0.6,108460.0,False,101800.0,False,58740.0,78470.0,130630.0,164520.0,2023
15-1254,Web Developers,85350,4.8,1.9,95570.0,False,84960.0,False,46850.0,61690.0,116370.0,157280.0,2023
15-1255,Web and Digital Interface Designers,111060,3.0,0.8,108820.0,False,98540.0,False,48210.0,66020.0,139500.0,176490.0,2023
15-1299,"Computer Occupations, All Other",437170,0.8,0.5,112430.0,False,104920.0,False,49690.0,71990.0,141820.0,174300.0,2023
15-2011,Actuaries,25470,2.6,1.4,132500.0,False,120000.0,False,75380.0,88420.0,164320.0,209310.0,2023
15-2021,Mathematicians,2220,2.5,0.9,119770.0,False,116440.0,False,62260.0,81910.0,148240.0,183500.0,2023
15-2031,Operations Research Analysts,117880,1.2,0.6,95600.0,False,83640.0,False,52930.0,66250.0,115190.0,148920.0,2023
15-2041,Statisticians,29950,3.2,0.8,109190.0,False,104110.0,False,58690.0,78140.0,134950.0,163360.0,2023
15-2051,Data Scientists,192710,1.2,0.4,119040.0,False,108020.0,False,61070.0,79810.0,147670.0,184090.0,2023
15-2099,"Mathematical Science Occupations, All Other",4320,5.3,4.0,83330.0,False,70620.0,False,38400.0,49800.0,99730.0,155150.0,2023
17-1011,"Architects, Except Landscape and Naval",111170,1.3,1.3,100400.0,False,93310.0,False,58870.0,73240.0,116780.0,151300.0,2023
17-1012,Landscape Architects,20370,6.1,1.1,83990.0,False,79320.0,False,50000.0,61520.0,97170.0,125600.0,2023
17-1021,Cartographers and Photogrammetrists,12330,4.0,0.8,78810.0,False,76210.0,False,48660.0,60430.0,95610.0,113540.0,2023
17-1022,Surveyors,50740,3.9,0.8,74000.0,False,68540.0,False,41430.0,50970.0,91520.0,109660.0,2023
17-2011,Aerospace Engineers,66660,1.6,0.7,134330.0,False,130720.0,False,81620.0,101730.0,166610.0,188910.0,2023
17-2021,Agricultural Engineers,1860,19.8,2.1,93490.0,False,88750.0,False,62150.0,79620.0,101030.0,127590.0,2023
17-2031,Bioengineers and Biomedical Engineers,19320,3.5,0.8,106700.0,False,100730.0,False,68100.0,81370.0,125780.0,154350.0,2023
17-2041,Chemical Engineers,21140,3.3,2.1,122910.0,False,112100.0,False,75650.0,91630.0,142810.0,176420.0,2023
17-2051,Civil Engineers,327950,1.5,0.5,101160.0,False,95890.0,False,63220.0,76500.0,123010.0,150640.0,2023
17-2061,Computer Hardware Engineers,82660,2.3,1.3,147770.0,False,138080.0,False,81630.0,108670.0,175400.0,212770.0,2023
17-2071,Electrical Engineers,185430,1.8,0.7,117680.0,False,106950.0,False,69320.0,83200.0,137140.0,172050.0,2023
17-2072,"Electronics Engineers, Except Computer",96410,1.5,0.6,124190.0,False,119200.0,False,76700.0,93380.0,151610.0,179690.0,2023
17-2081,Environmental Engineers,39880,2.2,0.7,105840.0,False,100090.0,False,63370.0,78640.0,125520.0,156530.0,2023
17-2111,"Health and Safety Engineers, Except Mining Safety Engineers and Inspectors",22510,2.5,0.8,108740.0,False,103690.0,False,62190.0,81760.0,131670.0,160600.0,2023
17-2112,Industrial Engineers,332870,0.7,0.5,103150.0,False,99380.0,False,65320.0,79730.0,124000.0,142220.0,2023
17-2121,Marine Engineers and Naval Architects,9960,7.4,1.8,108110.0,False,100270.0,False,76860.0,80620.0,126870.0,156630.0,2023
17-2131,Materials Engineers,24630,1.8,0.7,110430.0,False,104100.0,False,63340.0,80790.0,133090.0,165580.0,2023
17-2141,Mechanical Engineers,281290,1.6,0.5,105220.0,False,99510.0,False,64560.0,79160.0,126990.0,157470.0,2023
17-2151,"Mining and Geological Engineers, Including Mining Safety Engineers",7040,6.0,2.9,105460.0,False,100640.0,False,55150.0,77730.0,128920.0,160820.0,2023
17-2161,Nuclear Engineers,12710,7.1,0.8,126950.0,False,125460.0,False,82150.0,100500.0,142700.0,174020.0,2023
17-2171,Petroleum Engineers,20390,3.6,1.5,148590.0,False,135690.0,False,77340.0,104020.0,176990.0,225920.0,2023
17-2199,"Engineers, All Other",150990,1.3,0.5,118350.0,False,111970.0,False,62130.0,83250.0,146060.0,177020.0,2023
17-3011,Architectural and Civil Drafters,111070,2.3,0.6,65000.0,False,61820.0,False,39720.0,49660.0,77020.0,94580.0,2023
17-3012,Electrical and Electronics Drafters,20680,3.1,0.8,73110.0,False,69260.0,False,46470.0,54970.0,83870.0,103530.0,2023
17-3013,Mechanical Drafters,44850,1.4,0.6,69920.0,False,64060.0,False,43420.0,52000.0,81380.0,102110.0,2023
17-3019,"Drafters, All Other",16580,4.1,0.9,62980.0,False,59260.0,False,39000.0,47840.0,74090.0,91400.0,2023
17-3021,Aerospace Engineering and Operations Technologists and Technicians,10640,4.0,1.4,81280.0,False,77830.0,False,50050.0,61490.0,99440.0,113970.0,2023
17-3022,Civil Engineering Technologists and Technicians,63560,2.2,0.9,63770.0,False,60700.0,False,39120.0,47920.0,76570.0,91010.0,2023
17-3023,Electrical and Electronic Engineering Technologists and Technicians,97420,1.1,0.4,74440.0,False,72800.0,False,46420.0,57990.0,85680.0,105320.0,2023
17-3024,Electro-Mechanical and Mechatronics Technologists and Technicians,15360,3.0,0.9,72430.0,False,65080.0,False,44210.0,51650.0,82990.0,104690.0,2023
17-3025,Environmental Engineering Technologists and Technicians,13780,4.9,1.3,58780.0,False,54000.0,False,36150.0,45330.0,68790.0,84640.0,2023
17-3026,Industrial Engineering Technologists and Technicians,73020,1.0,0.6,66640.0,False,62610.0,False,44950.0,50680.0,77390.0,94540.0,2023
17-3027,Mechanical Engineering Technologists and Technicians,38930,2.3,0.5,67990.0,False,64020.0,False,44110.0,51930.0,79910.0,96740.0,2023
17-3028,Calibration Technologists and Technicians,13220,4.1,1.6,67360.0,False,62790.0,False,42370.0,50050.0,79170.0,100850.0,2023
17-3029,"Engineering Technologists and Technicians, Except Drafters, All Other",66200,1.9,0.8,75290.0,False,73500.0,False,42900.0,54160.0,92880.0,109190.0,2023
17-3031,Surveying and Mapping Technicians,56050,2.5,0.8,54090.0,False,48940.0,False,35080.0,39790.0,62540.0,79150.0,2023
19-1011,Animal Scientists,2460,8.4,4.5,89450.0,False,70140.0,False,46240.0,52870.0,103260.0,162000.0,2023
19-1012,Food Scientists and Technologists,14100,4.3,1.3,88350.0,False,82090.0,False,48480.0,63980.0,105640.0,135430.0,2023
19-1013,Soil and Plant Scientists,15800,5.7,1.9,77080.0,False,68240.0,False,43790.0,54030.0,93500.0,119410.0,2023
19-1021,Biochemists and Biophysicists,33180,3.2,1.4,120310.0,False,107460.0,False,64680.0,81650.0,136080.0,175790.0,2023
19-1022,Microbiologists,21540,3.1,1.1,93380.0,False,85470.0,False,49070.0,62770.0,120240.0,147470.0,2023
19-1023,Zoologists and Wildlife Biologists,17100,2.1,0.6,75740.0,False,70600.0,False,45840.0,57120.0,88190.0,110590.0,2023
19-1029,"Biological Scientists, All Other",61220,1.9,1.3,99060.0,False,91100.0,False,52230.0,66400.0,119390.0,158730.0,2023
19-1031,Conservation Scientists,22790,1.5,0.7,73160.0,False,68750.0,False,42850.0,53000.0,87460.0,105460.0,2023
19-1032,Foresters,9450,3.2,1.1,70680.0,False,67330.0,False,46700.0,55520.0,82120.0,98590.0,2023
19-1041,Epidemiologists,10230,2.4,0.8,90430.0,False,81390.0,False,54950.0,65910.0,103980.0,132230.0,2023
19-1042,"Medical Scientists, Except Epidemiologists",136620,1.3,2.5,112380.0,False,100890.0,False,61810.0,76690.0,133870.0,168020.0,2023
19-1099,"Life Scientists, All Other",7490,3.1,1.6,101520.0,False,86950.0,False,50340.0,64460.0,127580.0,172060.0,2023
19-2011,Astronomers,2080,7.9,2.5,128940.0,False,127930.0,False,56500.0,85600.0,172210.0,183500.0,2023
19-2012,Physicists,18350,1.7,0.6,158270.0,False,155680.0,False,80950.0,112610.0,186330.0,232940.0,2023
19-2021,Atmospheric and Space Scientists,9310,4.3,1.2,101530.0,False,92860.0,False,48960.0,68080.0,124760.0,157250.0,2023
19-2031,Chemists,83530,1.5,0.6,95560.0,False,84680.0,False,52950.0,64940.0,118800.0,149550.0,2023
19-2032,Materials Scientists,8810,6.7,1.3,112440.0,False,106160.0,False,64130.0,82670.0,134580.0,170900.0,2023
19-2041,"Environmental Scientists and Specialists, Including Health",80730,1.2,0.6,86710.0,False,78980.0,False,48580.0,60920.0,103420.0,133660.0,2023
19-2042,"Geoscientists, Except Hydrologists and Geographers",24620,3.8,1.1,104000.0,False,92580.0,False,52500.0,66280.0,127480.0,172600.0,2023
19-2043,Hydrologists,6150,4.3,2.0,96410.0,False,88770.0,False,57120.0,69240.0,114710.0,141790.0,2023
19-2099,"Physical Scientists, All Other",20820,1.6,0.7,119050.0,False,112280.0,False,59590.0,81210.0,148430.0,183500.0,2023
19-3011,Economists,16420,3.5,2.6,132650.0,False,115730.0,False,62520.0,82330.0,166070.0,216900.0,2023
19-3022,Survey Researchers,8190,4.8,2.2,66670.0,False,60960.0,False,30790.0,41330.0,81460.0,107790.0,2023
19-3032,Industrial-Organizational Psychologists,1030,14.2,7.5,154380.0,False,147420.0,False,45860.0,90100.0,219410.0,219810.0,2023
19-3033,Clinical and Counseling Psychologists,71730,4.4,1.6,106600.0,False,96100.0,False,48820.0,66050.0,129020.0,168870.0,2023
19-3034,School Psychologists,62790,1.8,0.8,91990.0,False,84940.0,False,59250.0,70520.0,107400.0,131470.0,2023
19-3039,"Psychologists, All Other",14480,1.8,1.1,110300.0,False,117750.0,False,47450.0,76550.0,138280.0,157420.0,2023
19-3041,Sociologists,2890,7.2,2.3,106710.0,False,101770.0,False,59960.0,76030.0,134980.0,165280.0,2023
19-3051,Urban and Regional Planners,42690,1.2,0.5,85940.0,False,81800.0,False,51470.0,63830.0,102930.0,126120.0,2023
19-3091,Anthropologists and Archeologists,7720,5.9,1.4,69780.0,False,63800.0,False,43770.0,50510.0,82000.0,102150.0,2023
19-3092,Geographers,1460,3.9,0.7,92460.0,False,90880.0,False,59850.0,70600.0,110240.0,126940.0,2023
19-3093,Historians,3040,7.1,1.5,76120.0,False,72890.0,False,35760.0,51720.0,93580.0,124720.0,2023
19-3094,Political Scientists,5580,3.4,0.9,132020.0,False,132350.0,False,72470.0,96600.0,167650.0,183500.0,2023
19-3099,"Social Scientists and Related Workers, All Other",35210,1.5,0.8,102210.0,False,95890.0,False,59010.0,75400.0,123200.0,158160.0,2023
19-4012,Agricultural Technicians,13150,6.4,1.0,46810.0,False,43180.0,False,30750.0,36400.0,53120.0,65470.0,2023
19-4013,Food Science Technicians,15190,3.0,0.8,54000.0,False,49090.0,False,37290.0,41770.0,61390.0,74630.0,2023
19-4021,Biological Technicians,76990,1.2,0.5,56540.0,False,51430.0,False,36970.0,42390.0,65510.0,80330.0,2023
19-4031,Chemical Technicians,55880,1.7,0.7,60920.0,False,56750.0,False,38240.0,45920.0,73280.0,93340.0,2023
19-4042,"Environmental Science and Protection Technicians, Including Health",32390,2.8,1.1,57470.0,False,50660.0,False,35800.0,41790.0,65310.0,85010.0,2023
19-4043,"Geological Technicians, Except Hydrologic Technicians",8860,7.1,2.9,64590.0,False,52440.0,False,34160.0,42650.0,73720.0,108750.0,2023
19-4044,Hydrologic Technicians,3000,4.2,1.4,61500.0,False,55890.0,False,37690.0,44840.0,76000.0,91610.0,2023
19-4051,Nuclear Technicians,5400,4.1,1.3,97520.0,False,101740.0,False,62700.0,76280.0,111420.0,128700.0,2023
19-4061,Social Science Research Assistants,30890,2.9,1.5,62370.0,False,56400.0,False,37080.0,46140.0,69720.0,96720.0,2023
19-4071,Forest and Conservation Technicians,28740,1.2,0.5,54260.0,False,51880.0,False,34570.0,40540.0,63810.0,78420.0,2023
19-4092,Forensic Science Technicians,17520,1.6,0.6,71540.0,False,64940.0,False,41410.0,50480.0,84720.0,107490.0,2023
19-4099,"Life, Physical, and Social Science Technicians, All Other",72230,1.8,0.8,62640.0,False,58350.0,False,36650.0,44040.0,76080.0,100550.0,2023
19-5011,Occupational Health and Safety Specialists,122300,1.9,0.8,85570.0,False,81140.0,False,49550.0,62630.0,102690.0,128040.0,2023
19-5012,Occupational Health and Safety Technicians,27270,2.3,0.8,64250.0,False,57920.0,False,40030.0,48980.0,75410.0,97360.0,2023
21-1012,"Educational, Guidance, and Career Counselors and Advisors",327660,0.4,0.5,66990.0,False,61710.0,False,40140.0,48760.0,78780.0,100050.0,2023
21-1013,Marriage and Family Therapists,63340,2.8,2.9,68730.0,False,58510.0,False,39090.0,45250.0,78440.0,104710.0,2023
21-1015,Rehabilitation Counselors,84750,1.8,0.7,48430.0,False,44040.0,False,31390.0,36440.0,56610.0,73710.0,2023
21-1018,"Substance Abuse, Behavioral Disorder, and Mental Health Counselors",397880,0.9,0.6,60080.0,False,53710.0,False,36700.0,44600.0,70130.0,89920.0,2023
21-1019,"Counselors, All Other",35580,3.6,1.2,52360.0,False,46130.0,False,33300.0,38890.0,59340.0,79880.0,2023
21-1021,"Child, Family, and School Social Workers",352160,0.6,0.4,59190.0,False,53940.0,False,37900.0,45120.0,68450.0,85590.0,2023
21-1022,Healthcare Social Workers,185020,1.0,0.5,67430.0,False,62940.0,False,41840.0,50190.0,78710.0,97790.0,2023
21-1023,Mental Health and Substance Abuse Social Workers,114680,1.3,1.4,63870.0,False,55960.0,False,37150.0,43750.0,74810.0,100090.0,2023
21-1029,"Social Workers, All Other",58460,1.8,0.5,68800.0,False,63770.0,False,39580.0,47770.0,87730.0,104580.0,2023
21-1091,Health Education Specialists,57800,1.3,0.8,69790.0,False,62860.0,False,39630.0,48210.0,83800.0,107920.0,2023
21-1092,Probation Officers and Correctional Treatment Specialists,85870,0.3,0.3,67880.0,False,61800.0,False,41700.0,48800.0,82040.0,105220.0,2023
21-1093,Social and Human Service Assistants,409310,0.9,0.4,44240.0,False,41410.0,False,30720.0,35770.0,49280.0,61820.0,2023
21-1094,Community Health Workers,58550,1.8,0.6,52610.0,False,48200.0,False,35560.0,40490.0,60740.0,75980.0,2023
21-1099,"Community and Social Service Specialists, All Other",95310,2.2,0.6,54020.0,False,49690.0,False,34030.0,39980.0,62460.0,79320.0,2023
21-2011,Clergy,56640,2.2,1.2,63720.0,False,58920.0,False,35400.0,45540.0,74620.0,96600.0,2023
21-2021,"Directors, Religious Activities and Education",23270,4.1,2.2,61740.0,False,50140.0,False,32030.0,39150.0,70600.0,104430.0,2023
21-2099,"Religious Workers, All Other",11870,5.3,1.9,45050.0,False,37960.0,False,28530.0,31200.0,50280.0,73310.0,2023
23-1011,Lawyers,731340,0.7,1.6,176470.0,False,145760.0,False,69760.0,98030.0,217360.0,,2023
23-1012,Judicial Law Clerks,14680,1.5,0.5,64880.0,False,57490.0,False,41020.0,46090.0,71240.0,102810.0,2023
23-1021,"Administrative Law Judges, Adjudicators, and Hearing Officers",14670,0.3,0.3,119940.0,False,111090.0,False,53140.0,75730.0,160350.0,195000.0,2023
23-1022,"Arbitrators, Mediators, and Conciliators",7060,10.0,14.6,95370.0,False,71540.0,False,35960.0,51200.0,107060.0,152730.0,2023
23-1023,"Judges, Magistrate Judges, and Magistrates",24470,1.1,0.8,139000.0,False,148910.0,False,45950.0,84300.0,182200.0,210890.0,2023
23-2011,Paralegals and Legal Assistants,354890,1.6,1.4,66460.0,False,60970.0,False,39710.0,48180.0,77600.0,98830.0,2023
23-2093,"Title Examiners, Abstractors, and Searchers",49760,2.5,1.6,59440.0,False,53550.0,False,36400.0,43760.0,70260.0,89980.0,2023
23-2099,"Legal Support Workers, All Other",43760,1.8,1.4,82960.0,False,67700.0,False,39890.0,49980.0,106360.0,155270.0,2023
25-1011,"Business Teachers, Postsecondary",82980,0.5,0.7,113240.0,False,97130.0,False,48580.0,64670.0,140070.0,211230.0,2023
25-1021,"Computer Science Teachers, Postsecondary",36150,0.7,0.6,106380.0,False,96430.0,False,49770.0,65660.0,133800.0,175150.0,2023
25-1022,"Mathematical Science Teachers, Postsecondary",48230,0.3,0.5,95320.0,False,81020.0,False,48740.0,62280.0,108840.0,165880.0,2023
25-1031,"Architecture Teachers, Postsecondary",8350,0.4,0.5,114900.0,False,105770.0,False,60610.0,80010.0,133570.0,174390.0,2023
25-1032,"Engineering Teachers, Postsecondary",38370,0.5,0.5,120630.0,False,106910.0,False,60250.0,81960.0,139300.0,200030.0,2023
25-1041,"Agricultural Sciences Teachers, Postsecondary",7550,2.5,0.7,95610.0,False,85260.0,False,49240.0,64120.0,110310.0,149660.0,2023
25-1042,"Biological Science Teachers, Postsecondary",52050,0.5,0.6,102270.0,False,83920.0,False,51670.0,64990.0,126760.0,171410.0,2023
25-1043,"Forestry and Conservation Science Teachers, Postsecondary",1260,3.1,1.0,102230.0,False,101650.0,False,58120.0,81040.0,118460.0,141800.0,2023
25-1051,"Atmospheric, Earth, Marine, and Space Sciences Teachers, Postsecondary",11770,0.7,0.4,111930.0,False,100690.0,False,52430.0,65900.0,135790.0,195940.0,2023
25-1052,"Chemistry Teachers, Postsecondary",20210,0.4,0.5,102630.0,False,85810.0,False,52590.0,65580.0,125370.0,171750.0,2023
25-1053,"Environmental Science Teachers, Postsecondary",7120,2.0,0.6,100910.0,False,88410.0,False,51280.0,66060.0,126160.0,166150.0,2023
25-1054,"Physics Teachers, Postsecondary",14030,0.5,0.6,106950.0,False,98020.0,False,55150.0,66780.0,131140.0,171820.0,2023
25-1061,"Anthropology and Archeology Teachers, Postsecondary",5030,1.3,0.6,103640.0,False,93650.0,False,51980.0,67770.0,126060.0,172180.0,2023
25-1062,"Area, Ethnic, and Cultural Studies Teachers, Postsecondary",11570,1.1,0.5,100390.0,False,86030.0,False,51590.0,65390.0,111650.0,169680.0,2023
25-1063,"Economics Teachers, Postsecondary",12210,1.4,0.7,133650.0,False,115300.0,False,58060.0,82110.0,168240.0,221170.0,2023
25-1064,"Geography Teachers, Postsecondary",3480,1.1,1.6,97660.0,False,85600.0,False,50870.0,66610.0,109120.0,155010.0,2023
25-1065,"Political Science Teachers, Postsecondary",17090,0.6,0.4,104910.0,False,93810.0,False,51610.0,66330.0,127940.0,172910.0,2023
25-1066,"Psychology Teachers, Postsecondary",40610,1.2,0.5,93990.0,False,82140.0,False,49790.0,62980.0,106610.0,151890.0,2023
25-1067,"Sociology Teachers, Postsecondary",12870,1.6,0.5,97580.0,False,82670.0,False,49900.0,64320.0,109450.0,169920.0,2023
25-1069,"Social Sciences Teachers, Postsecondary, All Other",16900,0.8,0.5,91710.0,False,77750.0,False,43890.0,59310.0,106540.0,170180.0,2023
25-1071,"Health Specialties Teachers, Postsecondary",225360,0.3,0.6,134440.0,False,105650.0,False,52300.0,69140.0,172990.0,,2023
25-1072,"Nursing Instructors and Teachers, Postsecondary",72700,0.7,0.5,86530.0,False,80780.0,False,49120.0,63050.0,103370.0,130320.0,2023
25-1081,"Education Teachers, Postsecondary",60860,0.8,0.5,80750.0,False,73240.0,False,39670.0,52740.0,98130.0,130000.0,2023
25-1082,"Library Science Teachers, Postsecondary",4220,1.8,0.7,88190.0,False,80310.0,False,53660.0,64430.0,101750.0,131310.0,2023
25-1111,"Criminal Justice and Law Enforcement Teachers, Postsecondary",13390,1.1,0.7,83470.0,False,69030.0,False,46320.0,56020.0,102110.0,134580.0,2023
25-1112,"Law Teachers, Postsecondary",14570,1.6,0.7,142440.0,False,127360.0,False,51810.0,77860.0,179700.0,,2023
25-1113,"Social Work Teachers, Postsecondary",11730,1.1,1.0,80840.0,False,75020.0,False,46790.0,53640.0,96670.0,127760.0,2023
25-1121,"Art, Drama, and Music Teachers, Postsecondary",101500,0.7,0.6,100840.0,False,80360.0,False,47570.0,61970.0,110120.0,178670.0,2023
25-1122,"Communications Teachers, Postsecondary",28520,0.7,0.6,90950.0,False,79910.0,False,48060.0,61410.0,104810.0,160060.0,2023
25-1123,"English Language and Literature Teachers, Postsecondary",57600,0.3,0.4,87090.0,False,78130.0,False,48090.0,60050.0,102980.0,137100.0,2023
25-1124,"Foreign Language and Literature Teachers, Postsecondary",20820,0.7,0.5,88490.0,False,78760.0,False,48230.0,61530.0,103340.0,136260.0,2023
25-1125,"History Teachers, Postsecondary",20610,0.9,0.5,93120.0,False,82140.0,False,48760.0,63650.0,106840.0,141840.0,2023
25-1126,"Philosophy and Religion Teachers, Postsecondary",20320,1.1,0.6,89680.0,False,79930.0,False,48450.0,61830.0,103340.0,137310.0,2023
25-1192,"Family and Consumer Sciences Teachers, Postsecondary",2660,0.9,0.9,89630.0,False,78410.0,False,48410.0,59170.0,105280.0,146020.0,2023
25-1193,"Recreation and Fitness Studies Teachers, Postsecondary",13270,1.3,0.6,87340.0,False,75770.0,False,44400.0,58540.0,101780.0,148610.0,2023
25-1194,"Career/Technical Education Teachers, Postsecondary",111180,1.4,0.8,68300.0,False,62060.0,False,39120.0,48890.0,80200.0,105200.0,2023
25-1199,"Postsecondary Teachers, All Other",166980,0.8,0.5,96570.0,False,79870.0,False,45930.0,59260.0,120620.0,177050.0,2023
25-2011,"Preschool Teachers, Except Special Education",430240,1.1,0.7,41410.0,False,37130.0,False,28200.0,30810.0,46500.0,60900.0,2023
25-2012,"Kindergarten Teachers, Except Special Education",118580,1.2,0.6,67790.0,False,62690.0,False,45650.0,50970.0,78950.0,100390.0,2023
25-2021,"Elementary School Teachers, Except Special Education",1410070,0.6,0.5,70740.0,False,63680.0,False,46960.0,51260.0,81480.0,104440.0,2023
25-2022,"Middle School Teachers, Except Special and Career/Technical Education",626690,1.5,0.7,71460.0,False,64290.0,False,47490.0,52040.0,82120.0,104410.0,2023
25-2023,"Career/Technical Education Teachers, Middle School",12210,3.3,1.2,69020.0,False,63860.0,False,47360.0,54620.0,78680.0,99080.0,2023
25-2031,"Secondary School Teachers, Except Special and Career/Technical Education",1045170,0.8,0.5,73800.0,False,65220.0,False,48040.0,54290.0,83340.0,106380.0,2023
25-2032,"Career/Technical Education Teachers, Secondary School",90070,1.6,0.5,70810.0,False,65130.0,False,49420.0,57530.0,81000.0,100380.0,2023
25-2051,"Special Education Teachers, Preschool",24850,4.7,2.6,76420.0,False,65270.0,False,41250.0,51240.0,89440.0,135170.0,2023
25-2052,"Special Education Teachers, Kindergarten and Elementary School",212850,1.1,0.5,71770.0,False,64910.0,False,47710.0,54360.0,81990.0,103430.0,2023
25-2057,"Special Education Teachers, Middle School",88850,2.2,0.9,73630.0,False,66600.0,False,48140.0,57600.0,84040.0,105320.0,2023
25-2058,"Special Education Teachers, Secondary School",158150,1.2,0.6,74670.0,False,66620.0,False,47950.0,56820.0,84400.0,107230.0,2023
25-2059,"Special Education Teachers, All Other",43700,3.3,1.5,76000.0,False,67190.0,False,43530.0,53780.0,91050.0,114360.0,2023
25-3011,"Adult Basic Education, Adult Secondary Education, and English as a Second Language Instructors",36890,1.6,0.6,65430.0,False,60560.0,False,39710.0,48580.0,78230.0,97980.0,2023
25-3021,Self-Enrichment Teachers,272110,1.1,1.2,52890.0,False,45330.0,False,28600.0,34820.0,62220.0,85980.0,2023
25-3031,"Substitute Teachers, Short-Term",444530,1.2,1.3,43570.0,False,37380.0,False,24420.0,29880.0,48590.0,63140.0,2023
25-3041,Tutors,162300,1.6,1.0,48580.0,False,39580.0,False,27710.0,32800.0,55620.0,80440.0,2023
25-3099,"Teachers and Instructors, All Other",118290,2.3,0.8,70340.0,False,64390.0,False,32740.0,46600.0,84380.0,108380.0,2023
25-4011,Archivists,7150,2.7,1.0,65700.0,False,59910.0,False,37720.0,46450.0,79190.0,103000.0,2023
25-4012,Curators,12510,1.6,2.5,70870.0,False,61750.0,False,38000.0,48080.0,81950.0,107860.0,2023
25-4013,Museum Technicians and Conservators,12670,2.1,1.0,54890.0,False,48670.0,False,30730.0,37580.0,65020.0,84400.0,2023
25-4022,Librarians and Media Collections Specialists,133760,0.7,0.5,68570.0,False,64370.0,False,38690.0,50930.0,80980.0,101970.0,2023
25-4031,Library Technicians,76670,1.5,0.5,42570.0,False,39310.0,False,27040.0,32240.0,49860.0,61620.0,2023
25-9021,Farm and Home Management Educators,8110,4.4,2.4,61430.0,False,59770.0,False,36710.0,46080.0,75310.0,84770.0,2023
25-9031,Instructional Coordinators,207270,0.9,0.7,77200.0,False,74620.0,False,46540.0,59190.0,92230.0,109500.0,2023
25-9044,"Teaching Assistants, Postsecondary",145960,0.4,0.5,47030.0,False,43750.0,False,29540.0,33000.0,60450.0,73450.0,2023
25-9045,"Teaching Assistants, Except Postsecondary",1337320,0.6,0.4,36430.0,False,35550.0,False,24200.0,29500.0,40720.0,48870.0,2023
25-9099,"Educational Instruction and Library Workers, All Other",113490,1.5,0.6,54910.0,False,49800.0,False,25090.0,33640.0,66270.0,86660.0,2023
27-1011,Art Directors,51200,2.0,1.4,125920.0,False,106500.0,False,60440.0,78970.0,155680.0,209800.0,2023
27-1012,Craft Artists,5830,7.1,3.4,43610.0,False,36600.0,False,21010.0,29120.0,49010.0,67980.0,2023
27-1013,"Fine Artists, Including Painters, Sculptors, and Illustrators",10910,8.2,7.1,71420.0,False,59300.0,False,28390.0,38160.0,88690.0,135420.0,2023
27-1014,Special Effects Artists and Animators,29940,5.8,1.7,109630.0,False,99060.0,False,57090.0,71570.0,133400.0,169580.0,2023
27-1019,"Artists and Related Workers, All Other",7420,5.8,2.6,78890.0,False,74750.0,False,31310.0,41830.0,108590.0,128270.0,2023
27-1021,Commercial and Industrial Designers,30810,3.6,1.2,81870.0,False,76250.0,False,46530.0,59170.0,99290.0,126010.0,2023
27-1022,Fashion Designers,19940,5.1,10.4,97030.0,False,79290.0,False,37090.0,58440.0,107260.0,160850.0,2023
27-1023,Floral Designers,43350,1.8,0.7,35500.0,False,34690.0,False,24960.0,29120.0,38940.0,46650.0,2023
27-1024,Graphic Designers,212720,0.7,0.9,64700.0,False,58910.0,False,36420.0,45560.0,77570.0,100450.0,2023
27-1025,Interior Designers,67760,2.2,0.9,68530.0,False,62510.0,False,37730.0,47990.0,79580.0,101860.0,2023
27-1026,Merchandise Displayers and Window Trimmers,175790,1.7,0.7,39040.0,False,36230.0,False,29280.0,31440.0,42280.0,51230.0,2023
27-1027,Set and Exhibit Designers,10090,4.0,2.6,67170.0,False,59490.0,False,32240.0,42980.0,82620.0,113740.0,2023
27-1029,"Designers, All Other",9880,4.6,2.0,75960.0,False,67500.0,False,36160.0,46450.0,91740.0,125730.0,2023
27-2011,Actors,62560,11.2,6.4,,False,,False,,,,,2023
27-2012,Producers and Directors,154470,1.3,3.9,107170.0,False,82510.0,False,42040.0,58540.0,128040.0,174540.0,2023
27-2021,Athletes and Sports Competitors,14930,6.4,10.5,328830.0,False,70280.0,False,27730.0,38040.0,201140.0,,2023
27-2022,Coaches and Scouts,238980,1.5,0.9,58700.0,False,45910.0,False,27040.0,32440.0,62070.0,95620.0,2023
27-2023,"Umpires, Referees, and Other Sports Officials",14840,4.1,4.1,44860.0,False,35820.0,False,22950.0,29140.0,47690.0,63410.0,2023
27-2031,Dancers,11510,13.3,4.9,,False,,False,,,,,2023
27-2032,Choreographers,4190,13.2,3.3,59090.0,False,52000.0,False,30040.0,37440.0,77330.0,91140.0,2023
27-2041,Music Directors and Composers,10770,12.5,8.2,87840.0,False,62590.0,False,34240.0,46910.0,101690.0,173810.0,2023
27-2042,Musicians and Singers,35520,2.8,2.6,,False,,False,,,,,2023
27-2091,"Disc Jockeys, Except Radio",7190,10.6,10.4,,False,,False,,,,,2023
27-2099,"Entertainers and Performers, Sports and Related Workers, All Other",14720,8.9,10.9,,False,,False,,,,,2023
27-3011,Broadcast Announcers and Radio Disc Jockeys,25070,2.3,2.3,86950.0,False,44890.0,False,24400.0,30920.0,66070.0,127560.0,2023
27-3023,"News Analysts, Reporters, and Journalists",45020,2.2,1.8,101430.0,False,57500.0,False,31550.0,38160.0,91890.0,160360.0,2023
27-3031,Public Relations Specialists,275550,1.5,0.9,77720.0,False,66750.0,False,38570.0,50280.0,92290.0,126220.0,2023
27-3041,Editors,95700,1.8,1.6,85110.0,False,75020.0,False,38790.0,51810.0,101100.0,138920.0,2023
27-3042,Technical Writers,47970,2.5,1.3,86620.0,False,80050.0,False,48630.0,62060.0,102260.0,129440.0,2023
27-3043,Writers and Authors,49450,8.2,1.8,87590.0,False,73690.0,False,40900.0,52660.0,100990.0,148240.0,2023
27-3091,Interpreters and Translators,51560,2.7,1.5,63080.0,False,57090.0,False,35410.0,44810.0,76960.0,97100.0,2023
27-3092,Court Reporters and Simultaneous Captioners,12390,3.7,1.4,71040.0,False,63940.0,False,35890.0,46150.0,86690.0,126440.0,2023
27-3099,"Media and Communication Workers, All Other",23230,9.2,2.6,87140.0,False,61900.0,False,36880.0,49980.0,85310.0,136000.0,2023
27-4011,Audio and Video Technicians,66700,2.7,1.0,59260.0,False,51640.0,False,33790.0,41440.0,69980.0,95640.0,2023
27-4012,Broadcast Technicians,26190,3.2,2.0,71600.0,False,57690.0,False,28080.0,36770.0,96710.0,125410.0,2023
27-4014,Sound Engineering Technicians,14600,7.4,3.0,74100.0,False,59430.0,False,36160.0,45820.0,94550.0,132940.0,2023
27-4015,Lighting Technicians,9520,9.7,2.3,73250.0,False,62240.0,False,37680.0,47470.0,82980.0,126590.0,2023
27-4021,Photographers,53630,1.8,2.1,53380.0,False,40760.0,False,28510.0,32240.0,62480.0,95740.0,2023
27-4031,"Camera Operators, Television, Video, and Film",23940,4.9,1.8,71890.0,False,61800.0,False,34420.0,44000.0,93870.0,120740.0,2023
27-4032,Film and Video Editors,29240,3.7,1.5,83470.0,False,66600.0,False,38990.0,48920.0,101910.0,154480.0,2023
27-4099,"Media and Communication Equipment Workers, All Other",11430,3.9,2.0,75860.0,False,71340.0,False,30110.0,45440.0,103020.0,128020.0,2023
29-1011,Chiropractors,41480,6.9,3.0,89760.0,False,76530.0,False,39960.0,57980.0,101930.0,142580.0,2023
29-1021,"Dentists, General",121640,1.9,1.4,191750.0,False,166300.0,False,80820.0,123670.0,218030.0,,2023
29-1022,Oral and Maxillofacial Surgeons,4160,7.0,5.7,334310.0,False,,True,88060.0,212300.0,,,2023
29-1023,Orthodontists,6400,16.1,9.0,243620.0,False,,True,89980.0,132000.0,,,2023
29-1024,Prosthodontists,570,33.4,9.4,240750.0,False,234000.0,False,93600.0,176800.0,,,2023
29-1029,"Dentists, All Other Specialists",5920,10.9,4.7,244470.0,False,227690.0,False,107330.0,188860.0,,,2023
29-1031,Dietitians and Nutritionists,73860,1.9,1.2,71280.0,False,69680.0,False,44910.0,58290.0,81860.0,98830.0,2023
29-1041,Optometrists,41390,1.7,1.4,143000.0,False,131860.0,False,64980.0,101650.0,162070.0,204100.0,2023
29-1051,Pharmacists,331700,0.6,0.3,134790.0,False,136030.0,False,89980.0,125860.0,155550.0,168650.0,2023
29-1071,Physician Assistants,145740,1.7,0.4,130490.0,False,130020.0,False,86280.0,108100.0,151720.0,170790.0,2023
29-1081,Podiatrists,9470,5.7,5.6,162520.0,False,141650.0,False,58550.0,87200.0,216070.0,,2023
29-1122,Occupational Therapists,144840,1.1,0.4,96790.0,False,96370.0,False,65210.0,79290.0,109480.0,129620.0,2023
29-1123,Physical Therapists,240820,1.3,0.5,100440.0,False,99710.0,False,72260.0,81970.0,113630.0,130870.0,2023
29-1124,Radiation Therapists,16640,4.3,0.4,104420.0,False,98300.0,False,72280.0,82300.0,112040.0,136910.0,2023
29-1125,Recreational Therapists,15540,1.3,0.4,60910.0,False,57120.0,False,37960.0,46420.0,73150.0,92080.0,2023
29-1126,Respiratory Therapists,129750,0.5,0.3,80340.0,False,77960.0,False,59180.0,65530.0,88820.0,104480.0,2023
29-1127,Speech-Language Pathologists,172100,1.1,0.4,92630.0,False,89290.0,False,57910.0,71140.0,107710.0,129930.0,2023
29-1128,Exercise Physiologists,8060,5.6,1.7,57050.0,False,54860.0,False,35460.0,45870.0,64110.0,77680.0,2023
29-1129,"Therapists, All Other",16490,3.5,2.0,75660.0,False,63650.0,False,40790.0,50760.0,89050.0,124530.0,2023
29-1131,Veterinarians,78220,0.9,2.8,136300.0,False,119100.0,False,72360.0,94860.0,155230.0,201440.0,2023
29-1141,Registered Nurses,3175390,0.5,0.2,94480.0,False,86070.0,False,63720.0,75990.0,104670.0,132680.0,2023
29-1151,Nurse Anesthetists,47810,3.8,0.9,214200.0,False,212650.0,False,139980.0,180840.0,,,2023
29-1161,Nurse Midwives,6960,6.5,1.6,131570.0,False,129650.0,False,87320.0,110000.0,146770.0,177530.0,2023
29-1171,Nurse Practitioners,280140,1.3,0.6,128490.0,False,126260.0,False,94530.0,106960.0,140610.0,168030.0,2023
29-1181,Audiologists,13880,4.4,1.7,92620.0,False,87740.0,False,56090.0,74440.0,105480.0,124800.0,2023
29-1211,Anesthesiologists,33470,5.4,2.7,339470.0,False,,True,84940.0,191980.0,,,2023
29-1212,Cardiologists,15190,7.3,2.5,423250.0,False,,True,102530.0,235000.0,,,2023
29-1213,Dermatologists,12040,7.8,5.7,342860.0,False,,True,103000.0,180750.0,,,2023
29-1214,Emergency Medicine Physicians,35100,12.3,2.5,306640.0,False,,True,127350.0,224540.0,,,2023
29-1215,Family Medicine Physicians,112010,2.3,1.6,240790.0,False,224640.0,False,68890.0,152810.0,,,2023
29-1216,General Internal Medicine Physicians,67210,3.5,3.6,245450.0,False,223310.0,False,70120.0,108380.0,,,2023
29-1217,Neurologists,9350,8.6,3.7,271470.0,False,,True,82990.0,130790.0,,,2023
29-1218,Obstetricians and Gynecologists,19820,6.4,1.7,278660.0,False,,True,89850.0,186290.0,,,2023
29-1221,"Pediatricians, General",34870,5.3,2.0,205860.0,False,198690.0,False,85120.0,141050.0,,,2023
29-1222,"Physicians, Pathologists",11020,9.7,3.1,270560.0,False,,True,74220.0,181090.0,,,2023
29-1223,Psychiatrists,24830,3.9,3.9,256930.0,False,,True,73280.0,124070.0,,,2023
29-1224,Radiologists,31960,5.2,4.1,353960.0,False,,True,79760.0,206430.0,,,2023
29-1229,"Physicians, All Other",310080,1.2,1.4,248640.0,False,236000.0,False,66260.0,85110.0,,,2023
29-1241,"Ophthalmologists, Except Pediatric",11530,7.5,3.7,312120.0,False,,True,115520.0,200000.0,,,2023
29-1242,"Orthopedic Surgeons, Except Pediatric",14820,6.1,5.6,378250.0,False,,True,129360.0,212760.0,,,2023
29-1243,Pediatric Surgeons,1180,30.6,7.9,449320.0,False,,True,172810.0,,,,2023
29-1249,"Surgeons, All Other",26370,4.9,2.8,343990.0,False,,True,78000.0,120000.0,,,2023
29-1291,Acupuncturists,9370,10.6,2.6,84260.0,False,78220.0,False,41600.0,52000.0,99740.0,140660.0,2023
29-1292,Dental Hygienists,211630,1.3,0.7,89890.0,False,87530.0,False,65110.0,78010.0,100630.0,118400.0,2023
29-1299,"Healthcare Diagnosing or Treating Practitioners, All Other",31100,7.8,1.2,123840.0,False,107990.0,False,62400.0,78670.0,154420.0,194670.0,2023
29-2010,Clinical Laboratory Technologists and Technicians,334380,0.6,0.3,62870.0,False,60780.0,False,36770.0,45080.0,78120.0,93900.0,2023
29-2031,Cardiovascular Technologists and Technicians,55660,1.1,0.9,70270.0,False,66170.0,False,36620.0,44160.0,85930.0,105140.0,2023
29-2032,Diagnostic Medical Sonographers,82780,1.0,0.3,89020.0,False,84470.0,False,63680.0,75640.0,100580.0,116300.0,2023
29-2033,Nuclear Medicine Technologists,16560,2.6,0.5,95080.0,False,92500.0,False,69300.0,80050.0,104540.0,123910.0,2023
29-2034,Radiologic Technologists and Technicians,221170,1.0,0.3,75250.0,False,73410.0,False,50020.0,60690.0,84670.0,102380.0,2023
29-2035,Magnetic Resonance Imaging Technologists,41340,2.3,0.8,86600.0,False,83740.0,False,61470.0,75360.0,99340.0,112420.0,2023
29-2036,Medical Dosimetrists,3900,7.0,3.0,131850.0,False,132880.0,False,86480.0,113880.0,153360.0,170330.0,2023
29-2042,Emergency Medical Technicians,167040,0.7,0.3,43100.0,False,38930.0,False,29910.0,34730.0,46760.0,59390.0,2023
29-2043,Paramedics,98770,1.0,0.4,57450.0,False,53180.0,False,38520.0,45990.0,64370.0,79430.0,2023
29-2051,Dietetic Technicians,24240,2.9,0.7,38440.0,False,36520.0,False,27670.0,31420.0,43090.0,50790.0,2023
29-2052,Pharmacy Technicians,460280,0.8,0.2,43330.0,False,40300.0,False,32720.0,36290.0,47680.0,57130.0,2023
29-2053,Psychiatric Technicians,115940,2.0,0.5,43650.0,False,39700.0,False,31150.0,35730.0,47960.0,59990.0,2023
29-2055,Surgical Technologists,110320,0.9,0.3,62250.0,False,60610.0,False,40640.0,49940.0,72520.0,83150.0,2023
29-2056,Veterinary Technologists and Technicians,122000,1.1,0.7,44040.0,False,43740.0,False,30180.0,36340.0,48900.0,59310.0,2023
29-2057,Ophthalmic Medical Technicians,73390,3.2,0.6,44290.0,False,41780.0,False,31200.0,36330.0,49740.0,59930.0,2023
29-2061,Licensed Practical and Licensed Vocational Nurses,630250,1.1,0.3,60790.0,False,59730.0,False,45670.0,50640.0,67140.0,77870.0,2023
29-2072,Medical Records Specialists,185690,1.0,0.4,53690.0,False,48780.0,False,35080.0,39620.0,61960.0,77810.0,2023
29-2081,"Opticians, Dispensing",76770,1.5,0.6,47560.0,False,44170.0,False,31560.0,36380.0,57490.0,69900.0,2023
29-2091,Orthotists and Prosthetists,8820,6.6,2.1,80500.0,False,78100.0,False,42020.0,57120.0,98160.0,117250.0,2023
29-2092,Hearing Aid Specialists,10250,8.0,3.2,61550.0,False,58670.0,False,34480.0,42520.0,74900.0,85870.0,2023
29-2099,"Health Technologists and Technicians, All Other",171110,1.1,0.5,54220.0,False,47470.0,False,35890.0,38710.0,60980.0,79860.0,2023
29-9021,Health Information Technologists and Medical Registrars,34430,1.4,0.6,70260.0,False,62990.0,False,38310.0,46580.0,86950.0,107650.0,2023
29-9091,Athletic Trainers,28480,2.1,0.5,61540.0,False,57930.0,False,43180.0,49750.0,66580.0,80640.0,2023
29-9092,Genetic Counselors,3050,3.4,1.1,98130.0,False,95770.0,False,72530.0,83380.0,108090.0,132190.0,2023
29-9093,Surgical Assistants,18780,6.0,1.3,65190.0,False,59160.0,False,37210.0,45100.0,79190.0,101180.0,2023
29-9099,"Healthcare Practitioners and Technical Workers, All Other",36900,1.7,0.9,70800.0,False,63630.0,False,35250.0,44250.0,86830.0,120000.0,2023
31-1120,Home Health and Personal Care Aides,3689350,0.3,0.2,33380.0,False,33530.0,False,23910.0,29120.0,36550.0,42450.0,2023
31-1131,Nursing Assistants,1351760,0.4,0.3,39610.0,False,38200.0,False,30020.0,34990.0,44540.0,48780.0,2023
31-1132,Orderlies,48710,1.7,0.4,38440.0,False,36830.0,False,30260.0,33780.0,40810.0,48000.0,2023
31-1133,Psychiatric Aides,32310,1.4,0.4,41000.0,False,39160.0,False,27660.0,32590.0,47630.0,55240.0,2023
31-2011,Occupational Therapy Assistants,46090,1.8,0.5,68170.0,False,67010.0,False,48670.0,59400.0,77290.0,89230.0,2023
31-2012,Occupational Therapy Aides,4430,7.2,2.0,42060.0,False,36970.0,False,25150.0,31940.0,48720.0,68720.0,2023
31-2021,Physical Therapist Assistants,104000,1.7,0.5,65860.0,False,64080.0,False,42110.0,56490.0,76610.0,88830.0,2023
31-2022,Physical Therapist Aides,42390,2.4,1.8,34810.0,False,33520.0,False,23070.0,28550.0,37010.0,43980.0,2023
31-9011,Massage Therapists,92650,2.2,2.3,62560.0,False,55310.0,False,32240.0,41600.0,74970.0,95700.0,2023
31-9091,Dental Assistants,370690,1.0,0.7,47350.0,False,46540.0,False,35470.0,38220.0,54430.0,61060.0,2023
31-9092,Medical Assistants,763040,0.6,0.4,43350.0,False,42000.0,False,33500.0,36780.0,47220.0,56480.0,2023
31-9093,Medical Equipment Preparers,66790,0.8,0.4,47410.0,False,45280.0,False,34020.0,38060.0,53310.0,63980.0,2023
31-9094,Medical Transcriptionists,52420,3.7,0.9,39090.0,False,37060.0,False,27190.0,31200.0,45780.0,52880.0,2023
31-9095,Pharmacy Aides,43830,2.9,0.7,38980.0,False,36200.0,False,27560.0,32240.0,42580.0,56800.0,2023
31-9096,Veterinary Assistants and Laboratory Animal Caretakers,115770,1.1,0.4,37310.0,False,36440.0,False,28550.0,31120.0,42290.0,46630.0,2023
31-9097,Phlebotomists,137080,1.1,0.3,43130.0,False,41810.0,False,33310.0,36720.0,47410.0,55330.0,2023
31-9099,"Healthcare Support Workers, All Other",102230,1.1,0.5,47010.0,False,44490.0,False,31630.0,36540.0,54630.0,65250.0,2023
33-1011,First-Line Supervisors of Correctional Officers,52280,0.3,0.2,76840.0,False,70530.0,False,42600.0,53890.0,95870.0,116750.0,2023
33-1012,First-Line Supervisors of Police and Detectives,138140,0.4,0.3,106000.0,False,101750.0,False,60090.0,77750.0,128460.0,160710.0,2023
33-1021,First-Line Supervisors of Firefighting and Prevention Workers,84120,0.8,0.5,90740.0,False,86220.0,False,49910.0,66390.0,108380.0,135050.0,2023
33-1091,First-Line Supervisors of Security Workers,64900,1.0,0.5,59580.0,False,54580.0,False,36560.0,43460.0,70040.0,87400.0,2023
33-1099,"First-Line Supervisors of Protective Service Workers, All Other",19620,1.2,0.5,67870.0,False,65050.0,False,39130.0,51070.0,80220.0,96370.0,2023
33-2011,Firefighters,315460,0.8,0.5,60390.0,False,57120.0,False,31600.0,40230.0,75320.0,93720.0,2023
33-2021,Fire Inspectors and Investigators,14200,1.6,0.7,82510.0,False,74160.0,False,46360.0,57110.0,101530.0,137220.0,2023
33-2022,Forest Fire Inspectors and Prevention Specialists,2270,3.8,1.3,61090.0,False,54080.0,False,35000.0,39250.0,76540.0,92170.0,2023
33-3011,Bailiffs,15900,1.5,0.7,58460.0,False,53040.0,False,29540.0,40360.0,75520.0,87670.0,2023
33-3012,Correctional Officers and Jailers,351420,0.3,0.2,58810.0,False,53300.0,False,38340.0,44890.0,68580.0,87250.0,2023
33-3021,Detectives and Criminal Investigators,106730,0.2,0.2,95930.0,False,91100.0,False,50670.0,64830.0,116170.0,154360.0,2023
33-3031,Fish and Game Wardens,6290,0.3,0.1,61120.0,False,60380.0,False,33260.0,48250.0,72900.0,86880.0,2023
33-3041,Parking Enforcement Workers,7420,2.4,0.6,50430.0,False,46840.0,False,32260.0,38030.0,60370.0,75440.0,2023
33-3051,Police and Sheriff's Patrol Officers,646310,0.5,0.3,76550.0,False,72280.0,False,45200.0,54770.0,92410.0,111700.0,2023
33-3052,Transit and Railroad Police,2360,2.3,1.6,78230.0,False,72250.0,False,52550.0,62230.0,100170.0,108090.0,2023
33-9011,Animal Control Workers,11600,2.4,1.1,48150.0,False,43170.0,False,30820.0,36030.0,54490.0,67930.0,2023
33-9021,Private Detectives and Investigators,34600,1.7,0.9,60270.0,False,49540.0,False,36060.0,40130.0,74830.0,96600.0,2023
33-9031,Gambling Surveillance Officers and Gambling Investigators,10660,5.2,0.8,42460.0,False,39210.0,False,29790.0,35080.0,46590.0,57870.0,2023
33-9032,Security Guards,1202940,0.3,0.4,40440.0,False,37070.0,False,28500.0,31660.0,44630.0,57400.0,2023
33-9091,Crossing Guards and Flaggers,90780,2.9,0.9,40650.0,False,36370.0,False,28400.0,31680.0,44750.0,60690.0,2023
33-9092,"Lifeguards, Ski Patrol, and Other Recreational Protective Service Workers",123560,2.1,0.4,31340.0,False,30380.0,False,22750.0,26150.0,35300.0,39150.0,2023
33-9093,Transportation Security Screeners,47950,1.0,0.2,51040.0,False,50020.0,False,40270.0,44570.0,55810.0,62800.0,2023
33-9094,School Bus Monitors,72320,1.4,0.4,33970.0,False,33130.0,False,26530.0,29540.0,37890.0,41090.0,2023
33-9099,"Protective Service Workers, All Other",82500,1.9,1.5,47420.0,False,39360.0,False,30920.0,34690.0,51540.0,70990.0,2023
35-1011,Chefs and Head Cooks,172370,3.1,0.9,62640.0,False,58920.0,False,36040.0,45590.0,75590.0,93900.0,2023
35-1012,First-Line Supervisors of Food Preparation and Serving Workers,1176540,0.6,0.4,43310.0,False,38520.0,False,28830.0,34480.0,48680.0,62320.0,2023
35-2011,"Cooks, Fast Food",673490,1.9,0.6,29760.0,False,29260.0,False,21800.0,24960.0,34320.0,36510.0,2023
35-2012,"Cooks, Institution and Cafeteria",435640,1.0,0.4,35920.0,False,35320.0,False,25290.0,29280.0,40320.0,47310.0,2023
35-2013,"Cooks, Private Household",740,29.6,11.8,49790.0,False,42590.0,False,27140.0,34120.0,57370.0,87410.0,2023
35-2014,"Cooks, Restaurant",1412350,0.8,0.4,36060.0,False,35780.0,False,26980.0,29860.0,39630.0,46420.0,2023
35-2015,"Cooks, Short Order",126370,5.0,1.1,33920.0,False,34130.0,False,23320.0,28430.0,38240.0,44010.0,2023
35-2019,"Cooks, All Other",18650,5.8,1.6,37610.0,False,35920.0,False,26720.0,31550.0,40960.0,48880.0,2023
35-2021,Food Preparation Workers,879610,1.2,0.4,32960.0,False,32420.0,False,22970.0,27920.0,36780.0,42990.0,2023
35-3011,Bartenders,711140,1.0,0.7,37090.0,False,31510.0,False,19870.0,23860.0,42800.0,61210.0,2023
35-3023,Fast Food and Counter Workers,3676580,0.6,0.6,30110.0,False,29540.0,False,22190.0,26280.0,34430.0,36880.0,2023
35-3031,Waiters and Waitresses,2237850,0.8,0.7,36530.0,False,31940.0,False,18600.0,23770.0,41600.0,60100.0,2023
35-3041,"Food Servers, Nonrestaurant",267840,1.1,0.5,33840.0,False,33110.0,False,24480.0,28640.0,36780.0,43740.0,2023
35-9011,Dining Room and Cafeteria Attendants and Bartender Helpers,483390,2.5,0.7,32730.0,False,31180.0,False,21490.0,26290.0,35820.0,44580.0,2023
35-9021,Dishwashers,463940,1.4,0.5,31650.0,False,31200.0,False,22880.0,27500.0,35610.0,38620.0,2023
35-9031,"Hosts and Hostesses, Restaurant, Lounge, and Coffee Shop",425020,1.2,0.5,30750.0,False,29220.0,False,21530.0,24690.0,34670.0,38830.0,2023
35-9099,"Food Preparation and Serving Related Workers, All Other",86350,3.8,1.3,35430.0,False,33870.0,False,24260.0,29460.0,37880.0,45570.0,2023
37-1011,First-Line Supervisors of Housekeeping and Janitorial Workers,171120,0.6,0.4,49980.0,False,46650.0,False,33060.0,37790.0,59290.0,71870.0,2023
37-1012,"First-Line Supervisors of Landscaping, Lawn Service, and Groundskeeping Workers",126020,1.2,0.5,58920.0,False,55740.0,False,39030.0,45980.0,69200.0,82880.0,2023
37-2011,"Janitors and Cleaners, Except Maids and Housekeeping Cleaners",2172500,0.3,0.3,36250.0,False,35020.0,False,25770.0,29570.0,39630.0,48210.0,2023
37-2012,Maids and Housekeeping Cleaners,836230,1.2,0.5,34650.0,False,33450.0,False,24520.0,28600.0,37640.0,45680.0,2023
37-2019,"Building Cleaning Workers, All Other",13740,5.9,1.9,43740.0,False,39900.0,False,29410.0,34910.0,47860.0,60840.0,2023
37-2021,Pest Control Workers,93760,0.9,0.5,44650.0,False,43470.0,False,30670.0,36710.0,48400.0,60430.0,2023
37-3011,Landscaping and Groundskeeping Workers,929930,0.5,0.3,39790.0,False,37360.0,False,29070.0,33810.0,45350.0,51290.0,2023
37-3012,"Pesticide Handlers, Sprayers, and Applicators, Vegetation",23520,4.4,0.9,44480.0,False,44070.0,False,31550.0,37210.0,49120.0,57370.0,2023
37-3013,Tree Trimmers and Pruners,50270,4.1,1.5,52850.0,False,49070.0,False,34450.0,40720.0,60450.0,75870.0,2023
37-3019,"Grounds Maintenance Workers, All Other",11980,7.4,1.4,46540.0,False,43310.0,False,29410.0,35080.0,53800.0,74940.0,2023
39-1013,First-Line Supervisors of Gambling Services Workers,25100,0.9,0.6,62110.0,False,61210.0,False,37230.0,48510.0,74080.0,82290.0,2023
39-1014,"First-Line Supervisors of Entertainment and Recreation Workers, Except Gambling Services",88140,1.1,0.6,50650.0,False,46060.0,False,31400.0,37220.0,59540.0,75550.0,2023
39-1022,First-Line Supervisors of Personal Service Workers,106440,1.7,0.6,50090.0,False,46690.0,False,31330.0,37430.0,58410.0,72000.0,2023
39-2011,Animal Trainers,19240,3.5,1.6,44910.0,False,38810.0,False,28960.0,33120.0,49080.0,65320.0,2023
39-2021,Animal Caretakers,268830,3.0,0.5,33530.0,False,31200.0,False,23180.0,28030.0,36220.0,45080.0,2023
39-3011,Gambling Dealers,80570,1.1,1.0,40030.0,False,32240.0,False,21410.0,23350.0,47010.0,75200.0,2023
39-3012,Gambling and Sports Book Writers and Runners,8700,4.3,1.6,32030.0,False,29170.0,False,21580.0,24260.0,35880.0,43440.0,2023
39-3019,"Gambling Service Workers, All Other",13300,3.9,1.5,35650.0,False,32710.0,False,22880.0,27290.0,38260.0,51070.0,2023
39-3021,Motion Picture Projectionists,2610,10.1,3.7,43800.0,False,35160.0,False,22840.0,27040.0,46260.0,81490.0,2023
39-3031,"Ushers, Lobby Attendants, and Ticket Takers",117560,2.4,0.6,30520.0,False,29780.0,False,21730.0,25170.0,34800.0,37780.0,2023
39-3091,Amusement and Recreation Attendants,361680,1.0,0.5,30240.0,False,29390.0,False,21450.0,24750.0,34490.0,38080.0,2023
39-3092,Costume Attendants,6300,5.1,1.9,60230.0,False,52370.0,False,33430.0,38860.0,76170.0,95070.0,2023
39-3093,"Locker Room, Coatroom, and Dressing Room Attendants",14720,4.6,1.8,34590.0,False,33450.0,False,21580.0,27210.0,38490.0,47320.0,2023
39-3099,"Entertainment Attendants and Related Workers, All Other",7320,6.9,1.5,34670.0,False,33280.0,False,22170.0,26650.0,39110.0,49500.0,2023
39-4011,Embalmers,3380,5.6,1.5,56690.0,False,54090.0,False,35360.0,45130.0,63100.0,79650.0,2023
39-4012,Crematory Operators,3220,10.7,1.7,44290.0,False,41670.0,False,31200.0,34980.0,50120.0,60600.0,2023
39-4021,Funeral Attendants,32620,1.8,0.8,35200.0,False,33850.0,False,24120.0,28820.0,38110.0,46580.0,2023
39-4031,"Morticians, Undertakers, and Funeral Arrangers",24200,2.8,1.1,58020.0,False,51030.0,False,30660.0,39320.0,71300.0,91870.0,2023
39-5011,Barbers,15990,17.7,2.4,41570.0,False,36150.0,False,26770.0,30130.0,49220.0,61090.0,2023
39-5012,"Hairdressers, Hairstylists, and Cosmetologists",294840,2.6,0.9,41780.0,False,34970.0,False,23520.0,28850.0,47420.0,63310.0,2023
39-5091,"Makeup Artists, Theatrical and Performance",4130,22.7,12.1,68590.0,False,47390.0,False,21540.0,22720.0,101330.0,141060.0,2023
39-5092,Manicurists and Pedicurists,144810,1.7,1.0,36480.0,False,34250.0,False,27260.0,31180.0,36920.0,48080.0,2023
39-5093,Shampooers,7360,9.9,2.3,29260.0,False,29530.0,False,22190.0,26620.0,32600.0,35850.0,2023
39-5094,Skincare Specialists,65270,3.1,2.4,51100.0,False,43200.0,False,27600.0,33310.0,58730.0,81320.0,2023
39-6011,Baggage Porters and Bellhops,28780,6.2,1.6,36100.0,False,34840.0,False,24710.0,30180.0,39290.0,47610.0,2023
39-6012,Concierges,41020,6.8,1.2,40230.0,False,37150.0,False,29510.0,33300.0,45440.0,57270.0,2023
39-7010,Tour and Travel Guides,46760,2.4,1.5,40280.0,False,36060.0,False,25930.0,30530.0,44520.0,58620.0,2023
39-9011,Childcare Workers,497450,1.3,0.7,32070.0,False,30370.0,False,22450.0,27040.0,36200.0,43270.0,2023
39-9031,Exercise Trainers and Group Fitness Instructors,279450,1.2,0.9,51270.0,False,46480.0,False,26840.0,33700.0,61610.0,80740.0,2023
39-9032,Recreation Workers,281750,0.9,0.5,36270.0,False,34410.0,False,24040.0,29120.0,39840.0,49690.0,2023
39-9041,Residential Advisors,88700,2.8,0.5,40200.0,False,37950.0,False,27520.0,32510.0,46310.0,55640.0,2023
39-9099,"Personal Care and Service Workers, All Other",60390,2.6,1.6,37190.0,False,36980.0,False,24210.0,31570.0,37690.0,48000.0,2023
41-1011,First-Line Supervisors of Retail Sales Workers,1087890,1.2,0.5,52030.0,False,46730.0,False,30350.0,37090.0,59720.0,76350.0,2023
41-1012,First-Line Supervisors of Non-Retail Sales Workers,227150,1.0,1.1,99020.0,False,84570.0,False,48640.0,63510.0,119530.0,164420.0,2023
41-2011,Cashiers,3298660,0.5,0.2,30710.0,False,29720.0,False,22580.0,26870.0,34500.0,37190.0,2023
41-2012,Gambling Change Persons and Booth Cashiers,20560,2.1,0.7,36030.0,False,33230.0,False,22630.0,27570.0,39340.0,53540.0,2023
41-2021,Counter and Rental Clerks,390300,2.0,0.6,41630.0,False,37400.0,False,27330.0,32240.0,46790.0,59600.0,2023
41-2022,Parts Salespersons,260770,1.9,0.5,41080.0,False,36860.0,False,26700.0,29830.0,47470.0,60480.0,2023
41-2031,Retail Salespersons,3684740,0.7,0.4,36690.0,False,33680.0,False,23740.0,28600.0,37390.0,48110.0,2023
41-3011,Advertising Sales Agents,108100,2.0,1.3,75820.0,False,61270.0,False,31200.0,43740.0,90930.0,133150.0,2023
41-3021,Insurance Sales Agents,457510,1.2,1.7,79700.0,False,59080.0,False,34940.0,43440.0,83420.0,134420.0,2023
41-3031,"Securities, Commodities, and Financial Services Sales Agents",479630,0.9,1.3,109710.0,False,76900.0,False,45420.0,50080.0,127670.0,212180.0,2023
41-3041,Travel Agents,58250,3.6,1.3,50040.0,False,47410.0,False,30580.0,37720.0,59290.0,69640.0,2023
41-3091,"Sales Representatives of Services, Except Advertising, Insurance, Financial Services, and Travel",1142020,2.5,1.6,81080.0,False,64600.0,False,36430.0,47220.0,97920.0,143550.0,2023
41-4011,"Sales Representatives, Wholesale and Manufacturing, Technical and Scientific Products",311780,1.5,1.0,113520.0,False,99710.0,False,48140.0,64700.0,143220.0,193470.0,2023
41-4012,"Sales Representatives, Wholesale and Manufacturing, Except Technical and Scientific Products",1288920,0.6,0.5,80490.0,False,65630.0,False,37240.0,48520.0,96090.0,133010.0,2023
41-9011,Demonstrators and Product Promoters,50790,3.1,1.0,41090.0,False,36970.0,False,29460.0,32330.0,45650.0,58180.0,2023
41-9012,Models,3090,21.2,6.1,68700.0,False,47430.0,False,31680.0,34390.0,64480.0,140310.0,2023
41-9021,Real Estate Brokers,51350,12.9,9.5,86130.0,False,63060.0,False,36490.0,47200.0,98060.0,160980.0,2023
41-9022,Real Estate Sales Agents,197720,4.2,1.5,69610.0,False,54300.0,False,31410.0,38050.0,81460.0,119590.0,2023
41-9031,Sales Engineers,59340,1.8,1.0,130550.0,False,116950.0,False,67760.0,87030.0,160720.0,202660.0,2023
41-9041,Telemarketers,81580,2.9,1.1,36680.0,False,34480.0,False,24430.0,28810.0,40380.0,49700.0,2023
41-9091,"Door-to-Door Sales Workers, News and Street Vendors, and Related Workers",6220,12.3,2.8,42200.0,False,34910.0,False,22140.0,29540.0,46140.0,62400.0,2023
41-9099,"Sales and Related Workers, All Other",114280,3.3,1.0,54150.0,False,44610.0,False,27250.0,33580.0,63560.0,91940.0,2023
43-1011,First-Line Supervisors of Office and Administrative Support Workers,1504570,0.4,0.2,68620.0,False,63450.0,False,41060.0,50160.0,79690.0,100270.0,2023
43-2011,"Switchboard Operators, Including Answering Service",43830,2.5,0.6,40020.0,False,36750.0,False,28030.0,31600.0,43840.0,58810.0,2023
43-2021,Telephone Operators,4600,6.4,2.0,42100.0,False,38080.0,False,29770.0,33820.0,48590.0,59230.0,2023
43-2099,"Communications Equipment Operators, All Other",1380,11.5,2.6,53240.0,False,49310.0,False,36130.0,43620.0,61710.0,75960.0,2023
43-3011,Bill and Account Collectors,190910,2.8,0.3,46020.0,False,44250.0,False,31960.0,37260.0,50680.0,62360.0,2023
43-3021,Billing and Posting Clerks,430220,0.9,0.2,47120.0,False,45590.0,False,34360.0,38390.0,52170.0,62530.0,2023
43-3031,"Bookkeeping, Accounting, and Auditing Clerks",1501910,0.4,0.1,49580.0,False,47440.0,False,32460.0,38790.0,58040.0,68860.0,2023
43-3041,Gambling Cage Workers,12560,1.9,0.7,36750.0,False,36110.0,False,25790.0,29590.0,41180.0,48450.0,2023
43-3051,Payroll and Timekeeping Clerks,157230,1.2,0.3,54690.0,False,52240.0,False,35960.0,43680.0,63330.0,75820.0,2023
43-3061,Procurement Clerks,61580,1.1,0.3,47940.0,False,46670.0,False,34520.0,38940.0,54790.0,63140.0,2023
43-3071,Tellers,340820,2.1,0.2,38850.0,False,37640.0,False,29720.0,34970.0,43900.0,46950.0,2023
43-3099,"Financial Clerks, All Other",44520,4.0,0.6,52690.0,False,49940.0,False,36800.0,44340.0,58050.0,72120.0,2023
43-4011,Brokerage Clerks,48060,3.5,0.9,63130.0,False,60150.0,False,45750.0,50830.0,72080.0,86300.0,2023
43-4021,Correspondence Clerks,4650,15.0,6.1,46940.0,False,42120.0,False,31200.0,36250.0,57660.0,68650.0,2023
43-4031,"Court, Municipal, and License Clerks",157960,0.6,0.2,48760.0,False,46110.0,False,32190.0,37850.0,57010.0,67330.0,2023
43-4041,"Credit Authorizers, Checkers, and Clerks",14290,4.1,1.2,50380.0,False,48000.0,False,32950.0,39110.0,57130.0,65460.0,2023
43-4051,Customer Service Representatives,2858710,0.5,0.1,43520.0,False,39680.0,False,29560.0,34780.0,48480.0,61250.0,2023
43-4061,"Eligibility Interviewers, Government Programs",150190,0.6,0.1,51840.0,False,50270.0,False,36720.0,41290.0,61510.0,68180.0,2023
43-4071,File Clerks,82290,2.2,0.5,40730.0,False,38130.0,False,27040.0,32350.0,47180.0,58140.0,2023
43-4081,"Hotel, Motel, and Resort Desk Clerks",263800,1.3,0.5,32570.0,False,30790.0,False,23500.0,28100.0,36040.0,41820.0,2023
43-4111,"Interviewers, Except Eligibility and Loan",160550,1.0,0.3,42750.0,False,40300.0,False,30110.0,35600.0,48350.0,58090.0,2023
43-4121,"Library Assistants, Clerical",83680,1.4,0.3,35970.0,False,34020.0,False,23510.0,28670.0,41300.0,50200.0,2023
43-4131,Loan Interviewers and Clerks,203940,0.9,0.3,48660.0,False,47380.0,False,35010.0,39270.0,57150.0,63070.0,2023
43-4141,New Accounts Clerks,41180,4.0,0.9,44670.0,False,44630.0,False,35040.0,37970.0,48730.0,56420.0,2023
43-4151,Order Clerks,91830,2.1,0.7,43530.0,False,41600.0,False,30730.0,35590.0,49660.0,59560.0,2023
43-4161,"Human Resources Assistants, Except Payroll and Timekeeping",101440,1.2,0.3,48800.0,False,47710.0,False,34490.0,40070.0,56010.0,64250.0,2023
43-4171,Receptionists and Information Clerks,1003820,1.1,0.2,36590.0,False,35840.0,False,26940.0,30450.0,40720.0,47360.0,2023
43-4181,Reservation and Transportation Ticket Agents and Travel Clerks,119270,1.1,0.4,46820.0,False,40610.0,False,31900.0,36070.0,57030.0,71680.0,2023
43-4199,"Information and Record Clerks, All Other",151760,0.8,0.4,47840.0,False,46210.0,False,31390.0,37610.0,55800.0,65730.0,2023
43-5011,Cargo and Freight Agents,105220,2.4,0.8,52460.0,False,48330.0,False,36520.0,40410.0,60140.0,72820.0,2023
43-5021,Couriers and Messengers,72010,2.3,0.4,38350.0,False,36710.0,False,28040.0,32870.0,42270.0,49310.0,2023
43-5031,Public Safety Telecommunicators,97820,0.9,0.3,52140.0,False,48890.0,False,33490.0,39560.0,61460.0,75910.0,2023
43-5032,"Dispatchers, Except Police, Fire, and Ambulance",206090,1.0,0.3,50830.0,False,46860.0,False,32110.0,37800.0,59500.0,75840.0,2023
43-5041,"Meter Readers, Utilities",19900,3.0,0.9,53610.0,False,47720.0,False,31320.0,37660.0,65600.0,82150.0,2023
43-5051,Postal Service Clerks,78130,0.0,0.0,59240.0,False,59570.0,False,41700.0,53440.0,71840.0,73150.0,2023
43-5052,Postal Service Mail Carriers,331600,0.0,0.0,59340.0,False,56330.0,False,41480.0,46030.0,75300.0,75920.0,2023
43-5053,"Postal Service Mail Sorters, Processors, and Processing Machine Operators",116540,0.0,0.0,56350.0,False,53440.0,False,41700.0,42810.0,70740.0,71840.0,2023
43-5061,"Production, Planning, and Expediting Clerks",393980,0.9,0.2,57610.0,False,53900.0,False,36640.0,44330.0,67290.0,81410.0,2023
43-5071,"Shipping, Receiving, and Inventory Clerks",844120,1.5,0.2,42730.0,False,39780.0,False,30620.0,35470.0,47600.0,58310.0,2023
43-5111,"Weighers, Measurers, Checkers, and Samplers, Recordkeeping",51250,2.2,0.3,44240.0,False,43270.0,False,32440.0,36830.0,50080.0,57050.0,2023
43-6011,Executive Secretaries and Executive Administrative Assistants,483570,1.0,0.2,73680.0,False,70310.0,False,45910.0,56960.0,84860.0,104000.0,2023
43-6012,Legal Secretaries and Administrative Assistants,152790,2.1,0.6,56330.0,False,50680.0,False,34780.0,41450.0,66510.0,82890.0,2023
43-6013,Medical Secretaries and Administrative Assistants,749500,0.6,0.2,43380.0,False,40640.0,False,31900.0,36540.0,47930.0,58340.0,2023
43-6014,"Secretaries and Administrative Assistants, Except Legal, Medical, and Executive",1785430,0.3,0.1,45490.0,False,44280.0,False,30280.0,36330.0,52200.0,62340.0,2023
43-9021,Data Entry Keyers,154230,2.4,0.4,40130.0,False,37790.0,False,28250.0,32660.0,46020.0,55330.0,2023
43-9022,Word Processors and Typists,37200,1.9,0.5,47170.0,False,46450.0,False,33160.0,38460.0,53020.0,62280.0,2023
43-9031,Desktop Publishers,5220,5.8,2.3,57680.0,False,51290.0,False,31880.0,38350.0,71420.0,97870.0,2023
43-9041,Insurance Claims and Policy Processing Clerks,241650,1.1,0.3,49530.0,False,46900.0,False,35510.0,38810.0,57420.0,68370.0,2023
43-9051,"Mail Clerks and Mail Machine Operators, Except Postal Service",66600,2.3,0.3,38370.0,False,36880.0,False,28390.0,32540.0,42860.0,49700.0,2023
43-9061,"Office Clerks, General",2496370,0.8,0.1,43560.0,False,40480.0,False,28230.0,33660.0,49820.0,61690.0,2023
43-9071,"Office Machine Operators, Except Computer",27960,3.3,0.6,39600.0,False,37450.0,False,28450.0,32040.0,44790.0,53560.0,2023
43-9081,Proofreaders and Copy Markers,5490,4.6,0.9,51100.0,False,48790.0,False,31730.0,37940.0,59090.0,75510.0,2023
43-9111,Statistical Assistants,7200,3.6,0.9,53900.0,False,50510.0,False,35460.0,43440.0,61960.0,76880.0,2023
43-9199,"Office and Administrative Support Workers, All Other",172020,1.0,0.4,46620.0,False,43230.0,False,29100.0,34520.0,53740.0,67060.0,2023
45-1011,"First-Line Supervisors of Farming, Fishing, and Forestry Workers",27150,2.5,0.8,60790.0,False,57320.0,False,37980.0,45510.0,73460.0,88360.0,2023
45-2011,Agricultural Inspectors,12660,3.1,0.7,52170.0,False,48010.0,False,35360.0,39640.0,60690.0,75270.0,2023
45-2021,Animal Breeders,1360,14.0,4.2,53520.0,False,47540.0,False,33710.0,39980.0,61330.0,77410.0,2023
45-2041,"Graders and Sorters, Agricultural Products",23430,2.6,0.7,34880.0,False,34360.0,False,28400.0,32240.0,37020.0,42090.0,2023
45-2091,Agricultural Equipment Operators,28910,3.7,1.0,41850.0,False,39690.0,False,30050.0,35190.0,46650.0,54550.0,2023
45-2092,"Farmworkers and Laborers, Crop, Nursery, and Greenhouse",258730,1.1,0.6,36140.0,False,34470.0,False,30590.0,32980.0,37010.0,44010.0,2023
45-2093,"Farmworkers, Farm, Ranch, and Aquacultural Animals",32590,3.5,0.8,37060.0,False,35120.0,False,25500.0,29600.0,42850.0,50300.0,2023
45-2099,"Agricultural Workers, All Other",6040,6.7,1.9,45660.0,False,40620.0,False,26720.0,32840.0,54170.0,77420.0,2023
45-4011,Forest and Conservation Workers,5750,5.1,1.0,36860.0,False,33940.0,False,28600.0,31200.0,40100.0,50450.0,2023
45-4021,Fallers,4800,8.6,2.9,61190.0,False,53170.0,False,32920.0,44510.0,69780.0,90930.0,2023
45-4022,Logging Equipment Operators,23720,1.9,0.9,49790.0,False,48240.0,False,30930.0,37900.0,60000.0,68750.0,2023
45-4023,Log Graders and Scalers,3640,6.4,1.6,47120.0,False,45600.0,False,33060.0,37970.0,55100.0,62360.0,2023
45-4029,"Logging Workers, All Other",2540,8.2,1.9,52950.0,False,52480.0,False,34520.0,40560.0,61930.0,70890.0,2023
47-1011,First-Line Supervisors of Construction Trades and Extraction Workers,777420,0.5,0.3,81340.0,False,76760.0,False,49420.0,60870.0,97750.0,122260.0,2023
47-2011,Boilermakers,11130,4.6,1.7,73840.0,False,71140.0,False,49510.0,61220.0,85270.0,102120.0,2023
47-2021,Brickmasons and Blockmasons,56830,2.0,0.8,63430.0,False,59640.0,False,38360.0,48250.0,74900.0,94220.0,2023
47-2022,Stonemasons,9790,5.7,1.6,56930.0,False,51830.0,False,36530.0,45940.0,64700.0,80850.0,2023
47-2031,Carpenters,700290,1.9,0.4,60970.0,False,56350.0,False,37440.0,46130.0,72290.0,94580.0,2023
47-2041,Carpet Installers,15560,4.7,1.9,52290.0,False,47520.0,False,31160.0,36930.0,61580.0,80650.0,2023
47-2042,"Floor Layers, Except Carpet, Wood, and Hard Tiles",25150,4.0,1.5,56680.0,False,48840.0,False,35340.0,40840.0,66170.0,91840.0,2023
47-2043,Floor Sanders and Finishers,5070,7.6,2.0,49910.0,False,47760.0,False,33080.0,38530.0,57520.0,69540.0,2023
47-2044,Tile and Stone Setters,42420,5.6,3.1,53920.0,False,48910.0,False,33120.0,38330.0,62230.0,80030.0,2023
47-2051,Cement Masons and Concrete Finishers,203560,1.3,0.6,57410.0,False,50720.0,False,37440.0,44690.0,63750.0,83580.0,2023
47-2053,Terrazzo Workers and Finishers,1460,21.7,6.2,54220.0,False,48900.0,False,34990.0,39010.0,60320.0,78610.0,2023
47-2061,Construction Laborers,1019090,1.3,0.4,49280.0,False,45300.0,False,31510.0,37070.0,56780.0,76010.0,2023
47-2071,"Paving, Surfacing, and Tamping Equipment Operators",43080,2.9,0.9,55170.0,False,48980.0,False,36470.0,41600.0,62400.0,81730.0,2023
47-2072,Pile Driver Operators,3010,7.7,3.7,70260.0,False,63550.0,False,40840.0,49370.0,91460.0,109030.0,2023
47-2073,Operating Engineers and Other Construction Equipment Operators,450370,0.8,0.3,62180.0,False,56160.0,False,38410.0,46270.0,72970.0,95570.0,2023
47-2081,Drywall and Ceiling Tile Installers,90860,1.7,1.0,61480.0,False,55700.0,False,36730.0,45860.0,71780.0,103310.0,2023
47-2082,Tapers,15560,5.3,2.3,69300.0,False,63350.0,False,43870.0,52000.0,84610.0,103130.0,2023
47-2111,Electricians,712580,0.6,0.4,67810.0,False,61590.0,False,38470.0,48100.0,80260.0,104180.0,2023
47-2121,Glaziers,53390,4.8,1.1,58320.0,False,51100.0,False,36440.0,43840.0,64470.0,97030.0,2023
47-2131,"Insulation Workers, Floor, Ceiling, and Wall",38510,2.8,1.1,52080.0,False,47540.0,False,33210.0,38330.0,60510.0,78000.0,2023
47-2132,"Insulation Workers, Mechanical",22850,4.3,1.4,60530.0,False,53920.0,False,38910.0,46090.0,71200.0,90760.0,2023
47-2141,"Painters, Construction and Maintenance",215910,1.4,0.5,52110.0,False,47700.0,False,35570.0,38970.0,59480.0,76030.0,2023
47-2142,Paperhangers,1830,23.7,2.8,54020.0,False,48460.0,False,36400.0,40760.0,60820.0,79390.0,2023
47-2151,Pipelayers,34840,3.9,1.6,52840.0,False,47330.0,False,35820.0,39660.0,60480.0,79150.0,2023
47-2152,"Plumbers, Pipefitters, and Steamfitters",436160,1.0,0.6,67840.0,False,61550.0,False,38690.0,47810.0,80190.0,103140.0,2023
47-2161,Plasterers and Stucco Masons,22310,3.7,1.4,59050.0,False,52640.0,False,36880.0,44810.0,68650.0,92780.0,2023
47-2171,Reinforcing Iron and Rebar Workers,17400,6.4,2.4,60290.0,False,54850.0,False,38260.0,46460.0,65490.0,96370.0,2023
47-2181,Roofers,135140,1.2,0.7,55840.0,False,50030.0,False,36240.0,44150.0,62330.0,79850.0,2023
47-2211,Sheet Metal Workers,116190,2.1,0.9,64270.0,False,58780.0,False,37000.0,45840.0,78620.0,100850.0,2023
47-2221,Structural Iron and Steel Workers,63780,2.6,1.1,68220.0,False,62760.0,False,40510.0,48860.0,80040.0,105010.0,2023
47-2231,Solar Photovoltaic Installers,24510,4.8,1.3,53140.0,False,48800.0,False,37920.0,42740.0,60180.0,73560.0,2023
47-3011,"Helpers--Brickmasons, Blockmasons, Stonemasons, and Tile and Marble Setters",16460,3.3,1.0,45590.0,False,42470.0,False,33270.0,37070.0,50430.0,61930.0,2023
47-3012,Helpers--Carpenters,21770,5.4,0.9,40860.0,False,39380.0,False,29930.0,34450.0,46540.0,53780.0,2023
47-3013,Helpers--Electricians,68670,3.4,0.7,41240.0,False,38340.0,False,29970.0,35040.0,46470.0,55900.0,2023
47-3014,"Helpers--Painters, Paperhangers, Plasterers, and Stucco Masons",7700,6.1,2.2,38750.0,False,37010.0,False,29060.0,32180.0,43680.0,50750.0,2023
47-3015,"Helpers--Pipelayers, Plumbers, Pipefitters, and Steamfitters",45300,3.1,0.6,39460.0,False,37650.0,False,29780.0,34320.0,44140.0,50920.0,2023
47-3016,Helpers--Roofers,4540,6.4,2.5,42280.0,False,38620.0,False,30040.0,35010.0,45400.0,55250.0,2023
47-3019,"Helpers, Construction Trades, All Other",27250,3.4,0.9,43090.0,False,40220.0,False,30670.0,35910.0,48050.0,57660.0,2023
47-4011,Construction and Building Inspectors,133640,1.3,0.6,72880.0,False,67700.0,False,43740.0,53400.0,86530.0,106200.0,2023
47-4021,Elevator and Escalator Installers and Repairers,23990,6.2,1.2,100060.0,False,102420.0,False,51960.0,75570.0,127310.0,138910.0,2023
47-4031,Fence Erectors,21470,5.9,1.3,46650.0,False,44410.0,False,32120.0,37220.0,50950.0,64170.0,2023
47-4041,Hazardous Materials Removal Workers,49960,2.3,1.0,53430.0,False,47280.0,False,35550.0,39200.0,60870.0,81610.0,2023
47-4051,Highway Maintenance Workers,150860,0.9,0.3,49070.0,False,47360.0,False,32280.0,38810.0,57260.0,66450.0,2023
47-4061,Rail-Track Laying and Maintenance Equipment Operators,18770,1.2,0.5,67330.0,False,67000.0,False,46350.0,59350.0,80480.0,82340.0,2023
47-4071,Septic Tank Servicers and Sewer Pipe Cleaners,27900,2.8,0.8,49590.0,False,46910.0,False,33890.0,38590.0,57270.0,68700.0,2023
47-4090,Miscellaneous Construction and Related Workers,28930,3.5,1.7,51670.0,False,47090.0,False,34840.0,38800.0,58690.0,77500.0,2023
47-5011,"Derrick Operators, Oil and Gas",11510,5.2,1.3,58330.0,False,58210.0,False,42230.0,47420.0,66800.0,75750.0,2023
47-5012,"Rotary Drill Operators, Oil and Gas",12180,6.2,1.2,67320.0,False,61770.0,False,40290.0,50060.0,79560.0,89810.0,2023
47-5013,"Service Unit Operators, Oil and Gas",46150,3.0,1.1,59390.0,False,55750.0,False,38090.0,45570.0,67790.0,87350.0,2023
47-5022,"Excavating and Loading Machine and Dragline Operators, Surface Mining",32630,2.5,0.8,55500.0,False,50050.0,False,38080.0,44460.0,61760.0,77240.0,2023
47-5023,"Earth Drillers, Except Oil and Gas",18010,4.4,1.0,60250.0,False,56660.0,False,40560.0,47840.0,67700.0,82280.0,2023
47-5032,"Explosives Workers, Ordnance Handling Experts, and Blasters",4610,4.5,1.6,65600.0,False,61590.0,False,42670.0,49710.0,79580.0,89400.0,2023
47-5041,Continuous Mining Machine Operators,15700,3.3,0.9,62110.0,False,61420.0,False,40120.0,49450.0,75730.0,80840.0,2023
47-5043,"Roof Bolters, Mining",1960,6.2,1.9,68540.0,False,66660.0,False,53970.0,59520.0,75540.0,78030.0,2023
47-5044,"Loading and Moving Machine Operators, Underground Mining",5160,3.9,1.3,63620.0,False,64070.0,False,45250.0,56740.0,72590.0,75400.0,2023
47-5049,"Underground Mining Machine Operators, All Other",2560,4.2,1.4,65290.0,False,68910.0,False,40140.0,54560.0,77390.0,79240.0,2023
47-5051,"Rock Splitters, Quarry",3610,6.2,1.8,47830.0,False,46530.0,False,32050.0,37440.0,56940.0,64020.0,2023
47-5071,"Roustabouts, Oil and Gas",43830,3.5,0.8,47730.0,False,46340.0,False,35150.0,38410.0,53590.0,61350.0,2023
47-5081,Helpers--Extraction Workers,7360,6.6,1.4,46990.0,False,45520.0,False,34970.0,38280.0,55100.0,63320.0,2023
47-5099,"Extraction Workers, All Other",7120,6.9,2.0,53050.0,False,49580.0,False,34180.0,38830.0,62610.0,76570.0,2023
49-1011,"First-Line Supervisors of Mechanics, Installers, and Repairers",589880,0.4,0.2,79020.0,False,75820.0,False,46070.0,58900.0,96310.0,118980.0,2023
49-2011,"Computer, Automated Teller, and Office Machine Repairers",77580,2.0,0.6,48290.0,False,45760.0,False,33430.0,37210.0,58240.0,65820.0,2023
49-2021,"Radio, Cellular, and Tower Equipment Installers and Repairers",11810,4.3,1.4,64360.0,False,61310.0,False,38880.0,48380.0,79800.0,95680.0,2023
49-2022,"Telecommunications Equipment Installers and Repairers, Except Line Installers",159670,1.7,0.5,64010.0,False,61270.0,False,38360.0,47870.0,78230.0,91740.0,2023
49-2091,Avionics Technicians,21280,2.8,0.8,77080.0,False,77420.0,False,46570.0,61880.0,91910.0,107370.0,2023
49-2092,"Electric Motor, Power Tool, and Related Repairers",16010,4.8,1.0,52550.0,False,49230.0,False,34590.0,40440.0,61160.0,74520.0,2023
49-2093,"Electrical and Electronics Installers and Repairers, Transportation Equipment",7920,2.8,1.4,76380.0,False,79160.0,False,46720.0,64060.0,86500.0,99570.0,2023
49-2094,"Electrical and Electronics Repairers, Commercial and Industrial Equipment",58320,2.0,0.7,69810.0,False,66680.0,False,41600.0,53350.0,81330.0,100510.0,2023
49-2095,"Electrical and Electronics Repairers, Powerhouse, Substation, and Relay",24790,1.9,0.8,92840.0,False,96600.0,False,58890.0,78340.0,107830.0,122840.0,2023
49-2096,"Electronic Equipment Installers and Repairers, Motor Vehicles",8900,5.8,1.5,47570.0,False,45570.0,False,32380.0,37790.0,54690.0,64880.0,2023
49-2097,Audiovisual Equipment Installers and Repairers,24720,5.9,1.7,52720.0,False,48380.0,False,33260.0,39940.0,62340.0,78780.0,2023
49-2098,Security and Fire Alarm Systems Installers,83540,2.2,0.6,57400.0,False,56430.0,False,36790.0,45580.0,65570.0,79650.0,2023
49-3011,Aircraft Mechanics and Service Technicians,137630,1.1,0.5,76260.0,False,75020.0,False,45760.0,59190.0,88350.0,114750.0,2023
49-3021,Automotive Body and Related Repairers,151910,1.1,0.5,55220.0,False,48740.0,False,35250.0,41430.0,62060.0,80380.0,2023
49-3022,Automotive Glass Installers and Repairers,16890,5.4,0.9,46010.0,False,45320.0,False,31370.0,37180.0,51970.0,62000.0,2023
49-3023,Automotive Service Technicians and Mechanics,676570,0.5,0.3,51940.0,False,47770.0,False,30600.0,36910.0,62310.0,77630.0,2023
49-3031,Bus and Truck Mechanics and Diesel Engine Specialists,285030,1.3,0.3,59920.0,False,58970.0,False,39020.0,47730.0,70470.0,82430.0,2023
49-3041,Farm Equipment Mechanics and Service Technicians,36830,1.4,0.5,52120.0,False,49210.0,False,34870.0,41290.0,61310.0,72450.0,2023
49-3042,"Mobile Heavy Equipment Mechanics, Except Engines",177280,1.2,0.8,64340.0,False,61900.0,False,42990.0,50420.0,75260.0,85720.0,2023
49-3043,Rail Car Repairers,19480,1.9,0.6,65690.0,False,65030.0,False,44140.0,49900.0,78240.0,88280.0,2023
49-3051,Motorboat Mechanics and Service Technicians,23230,2.8,0.8,52620.0,False,49990.0,False,35010.0,41540.0,61210.0,73600.0,2023
49-3052,Motorcycle Mechanics,14330,3.2,0.6,47960.0,False,46270.0,False,30200.0,36980.0,58110.0,67730.0,2023
49-3053,Outdoor Power Equipment and Other Small Engine Mechanics,36080,1.5,0.6,45180.0,False,44140.0,False,30840.0,36430.0,51120.0,60900.0,2023
49-3091,Bicycle Repairers,13980,4.2,0.8,39360.0,False,38320.0,False,28670.0,34140.0,45130.0,48910.0,2023
49-3092,Recreational Vehicle Service Technicians,17360,5.2,1.0,50690.0,False,47950.0,False,33660.0,38690.0,60200.0,72500.0,2023
49-3093,Tire Repairers and Changers,101520,1.2,0.4,37280.0,False,35790.0,False,28820.0,31140.0,39910.0,47680.0,2023
49-9011,Mechanical Door Repairers,27800,3.9,0.8,51640.0,False,48650.0,False,36240.0,42330.0,59700.0,69750.0,2023
49-9012,"Control and Valve Installers and Repairers, Except Mechanical Door",47780,1.8,0.7,72360.0,False,70100.0,False,38820.0,49520.0,94670.0,105250.0,2023
49-9021,"Heating, Air Conditioning, and Refrigeration Mechanics and Installers",397450,1.2,0.4,59620.0,False,57300.0,False,37270.0,46550.0,71120.0,84250.0,2023
49-9031,Home Appliance Repairers,29950,2.6,1.7,50640.0,False,47170.0,False,31100.0,37660.0,59240.0,72660.0,2023
49-9041,Industrial Machinery Mechanics,412650,0.6,0.3,63690.0,False,61420.0,False,42390.0,49780.0,75030.0,85970.0,2023
49-9043,"Maintenance Workers, Machinery",58040,1.5,0.4,58500.0,False,57350.0,False,37440.0,46280.0,67320.0,80770.0,2023
49-9044,Millwrights,37930,2.4,0.8,64310.0,False,62980.0,False,43160.0,51530.0,76380.0,82700.0,2023
49-9045,"Refractory Materials Repairers, Except Brickmasons",540,9.9,1.5,49900.0,False,48410.0,False,31130.0,35730.0,62670.0,69990.0,2023
49-9051,Electrical Power-Line Installers and Repairers,120170,1.4,0.4,85900.0,False,85420.0,False,48220.0,63120.0,104230.0,119920.0,2023
49-9052,Telecommunications Line Installers and Repairers,98950,1.8,0.7,69040.0,False,64640.0,False,40180.0,48540.0,91500.0,101120.0,2023
49-9061,Camera and Photographic Equipment Repairers,2540,22.6,7.2,58870.0,False,46850.0,False,34710.0,42840.0,63940.0,120090.0,2023
49-9062,Medical Equipment Repairers,64400,2.2,0.9,64140.0,False,60670.0,False,36810.0,45180.0,78160.0,97780.0,2023
49-9063,Musical Instrument Repairers and Tuners,6170,4.3,1.3,46250.0,False,42800.0,False,29330.0,34980.0,52590.0,63970.0,2023
49-9064,Watch and Clock Repairers,1880,14.5,3.8,56140.0,False,58140.0,False,28390.0,43660.0,68340.0,79150.0,2023
49-9069,"Precision Instrument and Equipment Repairers, All Other",10330,3.8,1.0,65710.0,False,62040.0,False,41250.0,48380.0,79430.0,95620.0,2023
49-9071,"Maintenance and Repair Workers, General",1503150,0.8,0.2,49650.0,False,46700.0,False,30860.0,37160.0,59640.0,73490.0,2023
49-9081,Wind Turbine Service Technicians,9800,6.7,1.5,65380.0,False,61770.0,False,47360.0,52770.0,74940.0,90300.0,2023
49-9091,"Coin, Vending, and Amusement Machine Servicers and Repairers",36100,3.0,1.1,45840.0,False,44980.0,False,28840.0,35420.0,53550.0,63300.0,2023
49-9092,Commercial Divers,2790,11.3,6.4,75570.0,False,61300.0,False,39430.0,46440.0,89750.0,136990.0,2023
49-9094,Locksmiths and Safe Repairers,14790,2.0,0.7,52130.0,False,48380.0,False,31620.0,37950.0,62070.0,76460.0,2023
49-9095,Manufactured Building and Mobile Home Installers,2910,12.9,2.1,39820.0,False,38980.0,False,26560.0,33860.0,45650.0,54080.0,2023
49-9096,Riggers,23870,3.8,1.1,62020.0,False,56220.0,False,37420.0,45220.0,75350.0,97080.0,2023
49-9097,Signal and Track Switch Repairers,9200,1.2,0.6,81810.0,False,82710.0,False,61910.0,76760.0,91050.0,95460.0,2023
49-9098,"Helpers--Installation, Maintenance, and Repair Workers",101890,1.7,0.5,38720.0,False,36710.0,False,27080.0,31310.0,44230.0,52590.0,2023
49-9099,"Installation, Maintenance, and Repair Workers, All Other",175860,1.4,0.4,50480.0,False,46500.0,False,32400.0,37770.0,59250.0,74780.0,2023
51-1011,First-Line Supervisors of Production and Operating Workers,671160,0.3,0.2,71730.0,False,65930.0,False,43540.0,52000.0,82680.0,103780.0,2023
51-2011,"Aircraft Structure, Surfaces, Rigging, and Systems Assemblers",29810,2.0,0.7,62860.0,False,61240.0,False,39550.0,49080.0,78030.0,93180.0,2023
51-2021,"Coil Winders, Tapers, and Finishers",11900,3.7,1.1,46020.0,False,44890.0,False,32890.0,37480.0,52040.0,61220.0,2023
51-2028,"Electrical, Electronic, and Electromechanical Assemblers, Except Coil Winders, Tapers, and Finishers",267440,1.0,0.4,43740.0,False,40490.0,False,31290.0,36190.0,48230.0,59310.0,2023
51-2031,Engine and Other Machine Assemblers,47960,1.8,0.4,53470.0,False,50270.0,False,36250.0,40480.0,67210.0,72160.0,2023
51-2041,Structural Metal Fabricators and Fitters,57810,1.8,0.5,50640.0,False,48480.0,False,36180.0,41180.0,57520.0,66500.0,2023
51-2051,Fiberglass Laminators and Fabricators,20380,2.7,0.7,43920.0,False,40200.0,False,31400.0,36720.0,48430.0,58140.0,2023
51-2061,Timing Device Assemblers and Adjusters,400,27.4,4.0,52840.0,False,48840.0,False,37800.0,42190.0,59090.0,69240.0,2023
51-2090,Miscellaneous Assemblers and Fabricators,1489280,0.6,0.2,42400.0,False,38920.0,False,30030.0,34980.0,47310.0,59840.0,2023
51-3011,Bakers,220230,2.9,0.4,35550.0,False,34950.0,False,24960.0,29570.0,38760.0,46980.0,2023
51-3021,Butchers and Meat Cutters,136330,1.3,0.4,39680.0,False,37650.0,False,27500.0,32240.0,46020.0,54600.0,2023
51-3022,"Meat, Poultry, and Fish Cutters and Trimmers",138300,1.0,0.2,36840.0,False,36300.0,False,28700.0,31820.0,40670.0,46150.0,2023
51-3023,Slaughterers and Meat Packers,71310,1.1,0.2,38710.0,False,38160.0,False,30450.0,34560.0,44280.0,47120.0,2023
51-3091,"Food and Tobacco Roasting, Baking, and Drying Machine Operators and Tenders",19570,3.9,1.0,42410.0,False,39850.0,False,29650.0,34740.0,48480.0,59020.0,2023
51-3092,Food Batchmakers,169190,1.1,0.3,40890.0,False,38460.0,False,29480.0,33610.0,47170.0,55640.0,2023
51-3093,Food Cooking Machine Operators and Tenders,29730,4.0,0.8,39770.0,False,38550.0,False,28720.0,33430.0,45870.0,50910.0,2023
51-3099,"Food Processing Workers, All Other",63970,1.8,0.3,37630.0,False,36890.0,False,28870.0,33930.0,40630.0,46100.0,2023
51-4021,"Extruding and Drawing Machine Setters, Operators, and Tenders, Metal and Plastic",63370,1.9,0.7,45440.0,False,44390.0,False,32050.0,37320.0,50800.0,59930.0,2023
51-4022,"Forging Machine Setters, Operators, and Tenders, Metal and Plastic",9170,3.8,0.9,47350.0,False,46990.0,False,31860.0,38390.0,54220.0,64070.0,2023
51-4023,"Rolling Machine Setters, Operators, and Tenders, Metal and Plastic",24750,2.7,0.6,49290.0,False,47040.0,False,35690.0,40240.0,55220.0,65830.0,2023
51-4031,"Cutting, Punching, and Press Machine Setters, Operators, and Tenders, Metal and Plastic",179230,1.3,0.3,44260.0,False,42400.0,False,32640.0,36620.0,49030.0,59810.0,2023
51-4032,"Drilling and Boring Machine Tool Setters, Operators, and Tenders, Metal and Plastic",5740,6.1,1.7,47490.0,False,44620.0,False,34550.0,38840.0,53410.0,62820.0,2023
51-4033,"Grinding, Lapping, Polishing, and Buffing Machine Tool Setters, Operators, and Tenders, Metal and Plastic",75260,1.2,0.3,44450.0,False,42610.0,False,32960.0,37020.0,48800.0,59990.0,2023
51-4034,"Lathe and Turning Machine Tool Setters, Operators, and Tenders, Metal and Plastic",19560,3.3,0.8,48850.0,False,47110.0,False,35760.0,39460.0,55860.0,64470.0,2023
51-4035,"Milling and Planing Machine Setters, Operators, and Tenders, Metal and Plastic",13990,3.1,0.8,50020.0,False,47200.0,False,35140.0,38390.0,59280.0,69920.0,2023
51-4041,Machinists,290720,1.0,0.2,54600.0,False,50840.0,False,36690.0,43680.0,62860.0,75820.0,2023
51-4051,Metal-Refining Furnace Operators and Tenders,20870,4.8,0.9,54340.0,False,50250.0,False,37180.0,44080.0,63820.0,82530.0,2023
51-4052,"Pourers and Casters, Metal",5460,4.1,0.8,50110.0,False,48690.0,False,36220.0,40140.0,57780.0,68280.0,2023
51-4061,"Model Makers, Metal and Plastic",2840,4.8,1.2,64920.0,False,64190.0,False,42470.0,49270.0,76960.0,88420.0,2023
51-4062,"Patternmakers, Metal and Plastic",2150,8.6,2.2,54550.0,False,49670.0,False,36280.0,44090.0,64830.0,77230.0,2023
51-4071,Foundry Mold and Coremakers,11780,2.7,0.7,45130.0,False,44300.0,False,33070.0,37390.0,50380.0,61300.0,2023
51-4072,"Molding, Coremaking, and Casting Machine Setters, Operators, and Tenders, Metal and Plastic",158980,1.3,0.3,42060.0,False,38870.0,False,30280.0,34900.0,47320.0,57970.0,2023
51-4081,"Multiple Machine Tool Setters, Operators, and Tenders, Metal and Plastic",127790,1.4,0.3,43990.0,False,41600.0,False,31240.0,36330.0,49660.0,59700.0,2023
51-4111,Tool and Die Makers,58150,1.1,0.3,62020.0,False,61490.0,False,40560.0,49070.0,74030.0,81720.0,2023
51-4121,"Welders, Cutters, Solderers, and Brazers",421730,0.8,0.2,52640.0,False,48940.0,False,36830.0,42760.0,59900.0,72970.0,2023
51-4122,"Welding, Soldering, and Brazing Machine Setters, Operators, and Tenders",33020,2.7,0.4,47120.0,False,45350.0,False,35270.0,38600.0,52430.0,63260.0,2023
51-4191,"Heat Treating Equipment Setters, Operators, and Tenders, Metal and Plastic",14950,3.1,0.7,46540.0,False,44240.0,False,34850.0,38330.0,51570.0,61410.0,2023
51-4192,"Layout Workers, Metal and Plastic",6660,4.2,0.7,60110.0,False,62270.0,False,41480.0,48180.0,66580.0,79370.0,2023
51-4193,"Plating Machine Setters, Operators, and Tenders, Metal and Plastic",31970,2.4,0.5,42550.0,False,39740.0,False,30730.0,35480.0,47530.0,57550.0,2023
51-4194,"Tool Grinders, Filers, and Sharpeners",6660,4.3,1.0,48520.0,False,46410.0,False,32020.0,38030.0,56950.0,68150.0,2023
51-4199,"Metal Workers and Plastic Workers, All Other",20370,5.0,0.7,44780.0,False,41200.0,False,32580.0,36910.0,48910.0,61080.0,2023
51-5111,Prepress Technicians and Workers,23590,2.7,0.7,46540.0,False,45070.0,False,31330.0,36390.0,54330.0,63440.0,2023
51-5112,Printing Press Operators,151450,1.1,0.4,44450.0,False,41860.0,False,29790.0,35560.0,50160.0,61500.0,2023
51-5113,Print Binding and Finishing Workers,38880,2.2,0.6,40860.0,False,38100.0,False,29220.0,34520.0,46740.0,56090.0,2023
51-6011,Laundry and Dry-Cleaning Workers,185000,0.9,0.2,31880.0,False,31050.0,False,23670.0,27690.0,35460.0,38920.0,2023
51-6021,"Pressers, Textile, Garment, and Related Materials",28700,3.4,0.6,32340.0,False,32240.0,False,23650.0,28460.0,36050.0,39360.0,2023
51-6031,Sewing Machine Operators,116130,1.3,0.4,35000.0,False,34440.0,False,25360.0,29690.0,38340.0,45360.0,2023
51-6041,Shoe and Leather Workers and Repairers,7230,7.2,2.0,37030.0,False,36020.0,False,25620.0,29600.0,41990.0,48440.0,2023
51-6042,Shoe Machine Operators and Tenders,4630,4.9,0.8,36570.0,False,36970.0,False,27950.0,30420.0,42650.0,45380.0,2023
51-6051,"Sewers, Hand",3390,11.9,1.8,33860.0,False,32240.0,False,26000.0,29020.0,37170.0,43880.0,2023
51-6052,"Tailors, Dressmakers, and Custom Sewers",14950,10.2,1.1,40190.0,False,36650.0,False,27560.0,31820.0,44510.0,55810.0,2023
51-6061,Textile Bleaching and Dyeing Machine Operators and Tenders,6650,7.0,2.4,37570.0,False,35340.0,False,27580.0,30410.0,40520.0,46260.0,2023
51-6062,"Textile Cutting Machine Setters, Operators, and Tenders",9760,2.7,0.6,37040.0,False,36620.0,False,27540.0,31490.0,41100.0,46790.0,2023
51-6063,"Textile Knitting and Weaving Machine Setters, Operators, and Tenders",15980,2.7,0.9,37880.0,False,37130.0,False,28700.0,31950.0,41860.0,46940.0,2023
51-6064,"Textile Winding, Twisting, and Drawing Out Machine Setters, Operators, and Tenders",23550,1.7,0.6,37100.0,False,35530.0,False,29530.0,32950.0,39780.0,46840.0,2023
51-6091,"Extruding and Forming Machine Setters, Operators, and Tenders, Synthetic and Glass Fibers",14520,3.6,0.5,45270.0,False,44030.0,False,33510.0,37980.0,49990.0,60380.0,2023
51-6092,Fabric and Apparel Patternmakers,2670,7.4,4.3,66750.0,False,62510.0,False,31780.0,40760.0,82340.0,106870.0,2023
51-6093,Upholsterers,25740,2.0,0.7,44820.0,False,42730.0,False,30450.0,36090.0,49740.0,61800.0,2023
51-6099,"Textile, Apparel, and Furnishings Workers, All Other",15080,3.9,1.1,37430.0,False,35130.0,False,28030.0,30150.0,40710.0,49810.0,2023
51-7011,Cabinetmakers and Bench Carpenters,88460,1.6,0.4,44620.0,False,43260.0,False,30850.0,36550.0,49470.0,60800.0,2023
51-7021,Furniture Finishers,14380,2.6,0.6,42490.0,False,39790.0,False,29660.0,34980.0,47640.0,57120.0,2023
51-7031,"Model Makers, Wood",590,14.1,3.7,52510.0,False,45040.0,False,33880.0,37440.0,63740.0,84090.0,2023
51-7032,"Patternmakers, Wood",260,19.8,4.0,52330.0,False,48630.0,False,38700.0,43730.0,55030.0,75460.0,2023
51-7041,"Sawing Machine Setters, Operators, and Tenders, Wood",43570,1.7,0.5,40120.0,False,38000.0,False,28790.0,33470.0,45970.0,51780.0,2023
51-7042,"Woodworking Machine Setters, Operators, and Tenders, Except Sawing",61250,1.7,0.3,40360.0,False,38260.0,False,29620.0,34500.0,46100.0,52280.0,2023
51-7099,"Woodworkers, All Other",7830,4.9,1.0,39520.0,False,37760.0,False,28250.0,32540.0,44840.0,54660.0,2023
51-8011,Nuclear Power Reactor Operators,5760,1.4,0.4,121240.0,False,120350.0,False,92270.0,103880.0,134100.0,151980.0,2023
51-8012,Power Distributors and Dispatchers,9040,2.5,0.5,105460.0,False,104750.0,False,68360.0,87440.0,122830.0,138950.0,2023
51-8013,Power Plant Operators,31490,1.9,0.5,91880.0,False,97010.0,False,54080.0,72860.0,106780.0,123120.0,2023
51-8021,Stationary Engineers and Boiler Operators,33840,2.3,0.8,73170.0,False,67640.0,False,41360.0,51970.0,89160.0,113660.0,2023
51-8031,Water and Wastewater Treatment Plant and System Operators,120710,0.9,0.3,58050.0,False,54890.0,False,36680.0,44720.0,67790.0,83090.0,2023
51-8091,Chemical Plant and System Operators,17980,4.0,1.1,79450.0,False,80030.0,False,47650.0,59830.0,99960.0,108470.0,2023
51-8092,Gas Plant Operators,15930,4.3,0.9,83020.0,False,82560.0,False,53330.0,66250.0,99180.0,108340.0,2023
51-8093,"Petroleum Pump System Operators, Refinery Operators, and Gaugers",33360,3.3,0.8,88120.0,False,94580.0,False,57970.0,76130.0,102410.0,110220.0,2023
51-8099,"Plant and System Operators, All Other",15370,5.3,1.5,59890.0,False,56940.0,False,36120.0,45390.0,71500.0,85950.0,2023
51-9011,Chemical Equipment Operators and Tenders,120260,1.5,0.5,57350.0,False,51720.0,False,36200.0,43580.0,66810.0,84310.0,2023
51-9012,"Separating, Filtering, Clarifying, Precipitating, and Still Machine Setters, Operators, and Tenders",53170,2.6,0.6,51960.0,False,48120.0,False,34100.0,39010.0,59560.0,72950.0,2023
51-9021,"Crushing, Grinding, and Polishing Machine Setters, Operators, and Tenders",26210,2.3,0.7,46390.0,False,44510.0,False,32650.0,36920.0,53850.0,63180.0,2023
51-9022,"Grinding and Polishing Workers, Hand",12290,4.4,1.1,41490.0,False,38940.0,False,30140.0,34600.0,47050.0,57990.0,2023
51-9023,"Mixing and Blending Machine Setters, Operators, and Tenders",105740,1.4,0.3,47950.0,False,46100.0,False,34090.0,38610.0,55470.0,63700.0,2023
51-9031,"Cutters and Trimmers, Hand",7220,4.2,0.8,39260.0,False,37040.0,False,28770.0,32090.0,43400.0,54350.0,2023
51-9032,"Cutting and Slicing Machine Setters, Operators, and Tenders",52720,1.8,0.6,44700.0,False,44310.0,False,32760.0,37430.0,50570.0,58240.0,2023
51-9041,"Extruding, Forming, Pressing, and Compacting Machine Setters, Operators, and Tenders",57080,1.8,0.4,44610.0,False,42670.0,False,32100.0,36810.0,49730.0,61350.0,2023
51-9051,"Furnace, Kiln, Oven, Drier, and Kettle Operators and Tenders",14820,3.1,0.7,47540.0,False,45640.0,False,34430.0,38200.0,54660.0,63340.0,2023
51-9061,"Inspectors, Testers, Sorters, Samplers, and Weighers",584630,1.0,0.3,49260.0,False,45850.0,False,31950.0,37190.0,58030.0,72210.0,2023
51-9071,Jewelers and Precious Stone and Metal Workers,24060,4.1,1.1,52000.0,False,47450.0,False,30790.0,36510.0,62070.0,78500.0,2023
51-9081,Dental Laboratory Technicians,34190,2.0,0.6,52390.0,False,47690.0,False,33940.0,38250.0,60880.0,77460.0,2023
51-9082,Medical Appliance Technicians,12550,5.9,1.2,48860.0,False,44960.0,False,35160.0,38220.0,52880.0,70060.0,2023
51-9083,Ophthalmic Laboratory Technicians,18240,5.4,1.2,41280.0,False,37720.0,False,30030.0,34630.0,45540.0,55580.0,2023
51-9111,Packaging and Filling Machine Operators and Tenders,371600,0.8,0.3,41200.0,False,38330.0,False,30050.0,34440.0,46540.0,56070.0,2023
51-9123,"Painting, Coating, and Decorating Workers",10700,3.7,1.4,44050.0,False,40230.0,False,30660.0,34980.0,48980.0,59160.0,2023
51-9124,"Coating, Painting, and Spraying Machine Setters, Operators, and Tenders",155880,1.5,0.3,48480.0,False,45560.0,False,33300.0,37790.0,54440.0,66390.0,2023
51-9141,Semiconductor Processing Technicians,26450,2.7,0.3,48970.0,False,45850.0,False,31610.0,38510.0,56660.0,67870.0,2023
51-9151,Photographic Process Workers and Processing Machine Operators,5770,9.4,2.6,41900.0,False,35620.0,False,29390.0,31950.0,44650.0,65480.0,2023
51-9161,Computer Numerically Controlled Tool Operators,187670,1.5,0.3,51030.0,False,48550.0,False,36380.0,40390.0,59630.0,66970.0,2023
51-9162,Computer Numerically Controlled Tool Programmers,28030,1.9,0.6,67650.0,False,63440.0,False,45980.0,53750.0,78200.0,94880.0,2023
51-9191,Adhesive Bonding Machine Operators and Tenders,12510,3.3,0.7,44400.0,False,43540.0,False,31200.0,35660.0,50350.0,58840.0,2023
51-9192,"Cleaning, Washing, and Metal Pickling Equipment Operators and Tenders",15210,2.7,0.6,41500.0,False,39340.0,False,31370.0,35370.0,46530.0,54180.0,2023
51-9193,Cooling and Freezing Equipment Operators and Tenders,6500,2.3,0.8,44840.0,False,42420.0,False,31370.0,36760.0,51530.0,62120.0,2023
51-9194,Etchers and Engravers,8140,6.2,2.1,42780.0,False,40040.0,False,29120.0,33280.0,47920.0,61360.0,2023
51-9195,"Molders, Shapers, and Casters, Except Metal and Plastic",38480,2.3,0.6,44710.0,False,43310.0,False,32540.0,37150.0,49330.0,59740.0,2023
51-9196,"Paper Goods Machine Setters, Operators, and Tenders",96460,1.1,0.3,48910.0,False,47250.0,False,35590.0,39040.0,56690.0,64290.0,2023
51-9197,Tire Builders,20660,1.5,0.6,53930.0,False,54080.0,False,37940.0,46280.0,62330.0,66700.0,2023
51-9198,Helpers--Production Workers,181810,1.0,0.4,38160.0,False,36700.0,False,28630.0,32400.0,42600.0,49910.0,2023
51-9199,"Production Workers, All Other",243500,1.1,0.3,41400.0,False,37430.0,False,29220.0,33070.0,46520.0,59090.0,2023
53-1041,Aircraft Cargo Handling Supervisors,9020,2.9,0.6,64950.0,False,58920.0,False,45770.0,50390.0,76270.0,91400.0,2023
53-1047,"First-Line Supervisors of Transportation and Material Moving Workers, Except Aircraft Cargo Handling Supervisors",594330,0.6,0.2,63840.0,False,60510.0,False,39440.0,47560.0,75940.0,92140.0,2023
53-2011,"Airline Pilots, Copilots, and Flight Engineers",93670,1.3,1.6,250050.0,False,219140.0,False,101710.0,142770.0,,,2023
53-2012,Commercial Pilots,52750,2.0,1.2,138010.0,False,113080.0,False,56260.0,79440.0,168700.0,,2023
53-2021,Air Traffic Controllers,22310,0.7,0.3,136790.0,False,137380.0,False,76190.0,96870.0,176720.0,200990.0,2023
53-2022,Airfield Operations Specialists,18320,3.2,1.2,62140.0,False,51140.0,False,33870.0,39700.0,74410.0,106860.0,2023
53-2031,Flight Attendants,126020,1.1,0.4,70980.0,False,68370.0,False,39580.0,49690.0,86610.0,104100.0,2023
53-3011,"Ambulance Drivers and Attendants, Except Emergency Medical Technicians",11520,3.2,0.9,34420.0,False,32580.0,False,23410.0,27850.0,36900.0,45930.0,2023
53-3031,Driver/Sales Workers,463120,2.4,0.9,38230.0,False,35420.0,False,20800.0,25900.0,46640.0,61080.0,2023
53-3032,Heavy and Tractor-Trailer Truck Drivers,2044400,0.7,0.3,55990.0,False,54320.0,False,37440.0,45920.0,63010.0,76780.0,2023
53-3033,Light Truck Drivers,1003960,0.5,0.2,46090.0,False,42470.0,False,28070.0,35110.0,51110.0,75090.0,2023
53-3051,"Bus Drivers, School",371530,0.9,0.4,45210.0,False,45660.0,False,27380.0,36290.0,52900.0,61320.0,2023
53-3052,"Bus Drivers, Transit and Intercity",184990,0.7,0.4,59860.0,False,60170.0,False,37630.0,46210.0,76700.0,82660.0,2023
53-3053,Shuttle Drivers and Chauffeurs,204930,1.1,0.3,36920.0,False,35240.0,False,25750.0,29790.0,41600.0,49920.0,2023
53-3054,Taxi Drivers,17770,2.8,1.0,35120.0,False,34680.0,False,27040.0,29920.0,37280.0,40630.0,2023
53-3099,"Motor Vehicle Operators, All Other",51140,3.5,1.4,39970.0,False,35690.0,False,24550.0,28890.0,46440.0,63410.0,2023
53-4011,Locomotive Engineers,32390,0.5,0.3,75870.0,False,74770.0,False,59450.0,73240.0,80340.0,92670.0,2023
53-4013,"Rail Yard Engineers, Dinkey Operators, and Hostlers",2430,4.4,1.1,57580.0,False,57070.0,False,38800.0,49080.0,63050.0,76470.0,2023
53-4022,"Railroad Brake, Signal, and Switch Operators and Locomotive Firers",13610,0.9,0.4,62840.0,False,63540.0,False,44350.0,57220.0,67540.0,78120.0,2023
53-4031,Railroad Conductors and Yardmasters,46490,0.3,0.3,72220.0,False,71130.0,False,54610.0,62180.0,78490.0,99210.0,2023
53-4041,Subway and Streetcar Operators,14860,0.7,0.4,77370.0,False,84270.0,False,54690.0,73570.0,84310.0,87110.0,2023
53-4099,"Rail Transportation Workers, All Other",1830,8.6,1.4,50730.0,False,44660.0,False,35420.0,39330.0,54320.0,85490.0,2023
53-5011,Sailors and Marine Oilers,29960,3.9,1.3,53470.0,False,48400.0,False,32240.0,37960.0,62700.0,79180.0,2023
53-5021,"Captains, Mates, and Pilots of Water Vessels",34520,2.7,1.5,97820.0,False,88730.0,False,44600.0,60550.0,123640.0,161510.0,2023
53-5022,Motorboat Operators,2710,8.2,2.4,51810.0,False,46420.0,False,28890.0,35860.0,64490.0,80960.0,2023
53-5031,Ship Engineers,8860,3.4,1.1,100550.0,False,94270.0,False,57140.0,68880.0,122390.0,141910.0,2023
53-6011,Bridge and Lock Tenders,3460,4.0,1.4,50070.0,False,49120.0,False,28990.0,33340.0,64250.0,69880.0,2023
53-6021,Parking Attendants,118130,4.0,0.6,32700.0,False,32840.0,False,22890.0,28470.0,36420.0,40500.0,2023
53-6031,Automotive and Watercraft Service Attendants,92530,1.8,0.4,34530.0,False,33820.0,False,27430.0,29640.0,37170.0,43830.0,2023
53-6032,Aircraft Service Attendants,24940,4.1,0.6,42110.0,False,39110.0,False,32040.0,35980.0,46010.0,53820.0,2023
53-6041,Traffic Technicians,7530,2.4,0.7,56680.0,False,52240.0,False,36290.0,42770.0,67370.0,78840.0,2023
53-6051,Transportation Inspectors,27670,1.8,0.8,83920.0,False,87290.0,False,39790.0,60110.0,97630.0,129020.0,2023
53-6061,Passenger Attendants,20190,5.3,0.8,36780.0,False,35620.0,False,27040.0,32020.0,39470.0,47680.0,2023
53-6099,"Transportation Workers, All Other",10940,4.8,2.0,43530.0,False,40300.0,False,27340.0,31700.0,52000.0,63680.0,2023
53-7011,Conveyor Operators and Tenders,24660,2.6,0.5,42900.0,False,39260.0,False,32770.0,35290.0,47000.0,59910.0,2023
53-7021,Crane and Tower Operators,42260,2.8,1.4,68040.0,False,64690.0,False,39200.0,48380.0,78720.0,98820.0,2023
53-7031,Dredge Operators,940,9.7,1.7,53700.0,False,50440.0,False,37870.0,43670.0,60670.0,72570.0,2023
53-7041,Hoist and Winch Operators,2230,6.6,3.0,65810.0,False,55950.0,False,33760.0,40490.0,93630.0,111470.0,2023
53-7051,Industrial Truck and Tractor Operators,778920,0.5,0.2,45720.0,False,44470.0,False,35260.0,38270.0,50010.0,59860.0,2023
53-7061,Cleaners of Vehicles and Equipment,365290,0.9,0.3,35250.0,False,34150.0,False,24560.0,28880.0,38500.0,46450.0,2023
53-7062,"Laborers and Freight, Stock, and Material Movers, Hand",3008300,0.3,0.2,39760.0,False,37660.0,False,29480.0,34040.0,44950.0,50280.0,2023
53-7063,Machine Feeders and Offbearers,44500,2.1,0.3,41000.0,False,39250.0,False,29880.0,34610.0,46590.0,53320.0,2023
53-7064,"Packers and Packagers, Hand",645210,1.0,0.2,35450.0,False,34830.0,False,25880.0,30220.0,39580.0,45100.0,2023
53-7065,Stockers and Order Fillers,2872680,0.3,0.1,37990.0,False,36390.0,False,29150.0,32160.0,41370.0,48890.0,2023
53-7071,Gas Compressor and Gas Pumping Station Operators,4400,10.9,1.8,63810.0,False,61870.0,False,36480.0,47470.0,75370.0,93450.0,2023
53-7072,"Pump Operators, Except Wellhead Pumpers",11570,5.5,2.0,58650.0,False,54690.0,False,36290.0,43720.0,72680.0,85430.0,2023
53-7073,Wellhead Pumpers,18230,6.2,1.6,69930.0,False,71830.0,False,38490.0,55700.0,81080.0,96600.0,2023
53-7081,Refuse and Recyclable Material Collectors,135430,1.3,0.7,47810.0,False,45760.0,False,30050.0,36100.0,58360.0,67970.0,2023
53-7121,"Tank Car, Truck, and Ship Loaders",11400,4.7,1.5,60530.0,False,58620.0,False,38850.0,46500.0,72710.0,88810.0,2023
53-7199,"Material Moving Workers, All Other",23970,3.4,1.0,45840.0,False,40310.0,False,32240.0,34830.0,48460.0,63430.0,2023
11-1011,Chief Executives,211850,1.2,0.9,262930.0,False,206420.0,False,73710.0,126080.0,,,2024
11-1021,General and Operations Managers,3584420,0.4,0.4,133120.0,False,102950.0,False,47420.0,67160.0,164130.0,,2024
11-1031,Legislators,26510,3.9,1.6,67390.0,False,44810.0,False,20380.0,29120.0,80350.0,137820.0,2024
11-2011,Advertising and Promotions Managers,21100,4.6,2.3,149270.0,False,126960.0,False,63000.0,85990.0,178570.0,,2024
11-2021,Marketing Managers,384980,0.8,0.6,171520.0,False,161030.0,False,81900.0,111210.0,211080.0,,2024
11-2022,Sales Managers,603710,0.8,0.5,160930.0,False,138060.0,False,66910.0,95910.0,201490.0,,2024
11-2032,Public Relations Managers,76060,1.3,1.1,163520.0,False,138520.0,False,78880.0,102300.0,198000.0,,2024
11-2033,Fundraising Managers,36920,1.6,0.8,137290.0,False,123480.0,False,73700.0,92880.0,166420.0,216660.0,2024
11-3012,Administrative Services Managers,254140,0.7,0.4,126030.0,False,108390.0,False,64740.0,83660.0,147150.0,200010.0,2024
11-3013,Facilities Managers,141090,0.7,0.4,114520.0,False,104690.0,False,62550.0,80150.0,135650.0,173080.0,2024
11-3021,Computer and Information Systems Managers,645970,0.6,0.3,187990.0,False,171200.0,False,104450.0,134350.0,216220.0,,2024
11-3031,Financial Managers,818620,0.7,0.3,180470.0,False,161700.0,False,86490.0,118360.0,214210.0,,2024
11-3051,Industrial Production Managers,234380,0.6,0.3,129180.0,False,121440.0,False,74900.0,94620.0,156330.0,197310.0,2024
11-3061,Purchasing Managers,81240,0.8,0.3,150630.0,False,139510.0,False,85500.0,107430.0,175460.0,219140.0,2024
11-3071,"Transportation, Storage, and Distribution Managers",213000,0.8,0.6,116010.0,False,102010.0,False,61200.0,78360.0,136050.0,180590.0,2024
11-3111,Compensation and Benefits Managers,20070,2.1,1.1,156230.0,False,140360.0,False,81660.0,105210.0,190890.0,,2024
11-3121,Human Resources Managers,215520,0.6,0.4,160480.0,False,140030.0,False,83790.0,105590.0,189960.0,,2024
11-3131,Training and Development Managers,44960,1.7,0.6,140590.0,False,127090.0,False,75810.0,96110.0,169310.0,219990.0,2024
11-9013,"Farmers, Ranchers, and Other Agricultural Managers",5910,4.2,1.8,97240.0,False,87980.0,False,51700.0,67970.0,115200.0,156530.0,2024
11-9021,Construction Managers,348330,1.0,0.4,119660.0,False,106980.0,False,65160.0,83480.0,139330.0,176990.0,2024
11-9031,"Education and Childcare Administrators, Preschool and Daycare",71620,1.8,1.0,62640.0,False,56270.0,False,37060.0,45310.0,72690.0,96400.0,2024
11-9032,"Education Administrators, Kindergarten through Secondary",319630,0.7,0.4,113360.0,False,104070.0,False,72400.0,83840.0,132550.0,165820.0,2024
11-9033,"Education Administrators, Postsecondary",176420,0.3,0.3,124450.0,False,103960.0,False,63820.0,79880.0,140940.0,212420.0,2024
11-9039,"Education Administrators, All Other",53330,1.9,0.9,99460.0,False,89040.0,False,49490.0,65180.0,121720.0,158050.0,2024
11-9041,Architectural and Engineering Managers,210340,0.8,0.5,175710.0,False,167740.0,False,111450.0,134930.0,207210.0,,2024
11-9051,Food Service Managers,244230,1.6,0.7,72370.0,False,65310.0,False,42380.0,53090.0,82300.0,105420.0,2024
11-9071,Gambling Managers,4620,2.2,1.6,102480.0,False,85580.0,False,51670.0,70190.0,120490.0,165220.0,2024
11-9072,"Entertainment and Recreation Managers, Except Gambling",36700,2.0,0.9,87060.0,False,77180.0,False,45320.0,58380.0,101750.0,134680.0,2024
11-9081,Lodging Managers,41350,2.7,1.2,77460.0,False,68130.0,False,39490.0,50040.0,90670.0,126990.0,2024
11-9111,Medical and Health Services Managers,565840,0.5,0.4,137730.0,False,117960.0,False,69680.0,88560.0,162420.0,219080.0,2024
11-9121,Natural Sciences Managers,100870,1.6,0.9,173500.0,False,161180.0,False,79830.0,114110.0,214820.0,,2024
11-9131,Postmasters and Mail Superintendents,13810,0.0,0.0,93760.0,False,92730.0,False,81430.0,87150.0,99590.0,109140.0,2024
11-9141,"Property, Real Estate, and Community Association Managers",296640,1.8,3.4,82720.0,False,66700.0,False,39360.0,49530.0,95760.0,141040.0,2024
11-9151,Social and Community Service Managers,195490,1.1,1.0,86100.0,False,78240.0,False,50020.0,62420.0,100600.0,129820.0,2024
11-9161,Emergency Management Directors,12570,1.3,0.7,97700.0,False,86130.0,False,51260.0,64470.0,119690.0,160420.0,2024
11-9171,Funeral Home Managers,13120,1.9,1.1,85650.0,False,76830.0,False,45820.0,59780.0,99330.0,132470.0,2024
11-9179,"Personal Service Managers, All Other",10490,5.5,1.7,70620.0,False,61340.0,False,36880.0,47670.0,82890.0,111130.0,2024
11-9199,"Managers, All Other",630980,0.5,0.4,149890.0,False,136550.0,False,68860.0,100010.0,179190.0,227590.0,2024
13-1011,"Agents and Business Managers of Artists, Performers, and Athletes",14220,6.7,10.2,165600.0,False,96310.0,False,48530.0,63100.0,168850.0,,2024
13-1020,Buyers and Purchasing Agents,486900,0.6,0.4,81720.0,False,75650.0,False,46460.0,58670.0,99190.0,127520.0,2024
13-1031,"Claims Adjusters, Examiners, and Investigators",305020,1.2,0.4,78770.0,False,76790.0,False,47810.0,60100.0,95990.0,112150.0,2024
13-1032,"Insurance Appraisers, Auto Damage",7790,7.5,1.8,77050.0,False,76650.0,False,56690.0,64280.0,86430.0,101800.0,2024
13-1041,Compliance Officers,397770,0.7,0.3,84980.0,False,78420.0,False,46230.0,59130.0,104800.0,130030.0,2024
13-1051,Cost Estimators,219530,1.1,0.6,83160.0,False,77070.0,False,46330.0,59830.0,99630.0,128640.0,2024
13-1071,Human Resources Specialists,917460,0.6,0.3,79730.0,False,72910.0,False,45440.0,55870.0,97270.0,126540.0,2024
13-1074,Farm Labor Contractors,410,28.3,8.7,51910.0,False,48690.0,False,29800.0,32860.0,58250.0,86860.0,2024
13-1075,Labor Relations Specialists,64590,1.5,1.0,97130.0,False,93500.0,False,49880.0,67670.0,123090.0,153440.0,2024
13-1081,Logisticians,235640,1.0,0.4,87600.0,False,80880.0,False,49260.0,62920.0,104330.0,132110.0,2024
13-1082,Project Management Specialists,1006160,0.5,0.4,108100.0,False,100750.0,False,59830.0,76950.0,131660.0,165790.0,2024
13-1111,Management Analysts,893900,1.2,3.3,114710.0,False,101190.0,False,59720.0,76770.0,133140.0,174140.0,2024
13-1121,"Meeting, Convention, and Event Planners",134670,1.6,1.1,65090.0,False,59440.0,False,35990.0,45610.0,77150.0,101310.0,2024
13-1131,Fundraisers,105930,2.0,0.7,73130.0,False,66490.0,False,43200.0,52590.0,85280.0,106960.0,2024
13-1141,"Compensation, Benefits, and Job Analysis Specialists",102370,2.7,0.7,82920.0,False,77020.0,False,48300.0,59700.0,99210.0,128830.0,2024
13-1151,Training and Development Specialists,436610,0.8,0.5,73760.0,False,65850.0,False,37510.0,48900.0,91550.0,120190.0,2024
13-1161,Market Research Analysts and Marketing Specialists,861140,0.7,0.4,86480.0,False,76950.0,False,42070.0,56220.0,104870.0,144610.0,2024
13-1199,"Business Operations Specialists, All Other",1128200,0.6,0.4,92380.0,False,81270.0,False,46230.0,60820.0,110030.0,147830.0,2024
13-2011,Accountants and Auditors,1448290,0.7,0.3,93520.0,False,81680.0,False,52780.0,64660.0,106450.0,141420.0,2024
13-2020,Property Appraisers and Assessors,59070,2.7,2.5,77160.0,False,65420.0,False,38480.0,49310.0,90810.0,122760.0,2024
13-2031,Budget Analysts,47170,1.1,0.5,93920.0,False,87930.0,False,60510.0,72240.0,110380.0,134640.0,2024
13-2041,Credit Analysts,67370,1.7,0.8,98040.0,False,80970.0,False,52930.0,63850.0,113850.0,168840.0,2024
13-2051,Financial and Investment Analysts,340580,1.1,0.7,116490.0,False,101350.0,False,62410.0,78300.0,132050.0,180550.0,2024
13-2052,Personal Financial Advisors,270480,1.6,2.5,160210.0,False,102140.0,False,49990.0,70620.0,172540.0,,2024
13-2053,Insurance Underwriters,107820,2.4,0.8,90830.0,False,79880.0,False,51640.0,63070.0,104820.0,138020.0,2024
13-2054,Financial Risk Specialists,56320,1.8,0.7,119930.0,False,106000.0,False,62270.0,80280.0,145020.0,182310.0,2024
13-2061,Financial Examiners,62830,1.8,0.6,103650.0,False,90400.0,False,53420.0,66800.0,127210.0,171540.0,2024
13-2071,Credit Counselors,28110,2.8,0.6,55890.0,False,50480.0,False,38980.0,45420.0,61760.0,77920.0,2024
13-2072,Loan Officers,290530,1.1,0.6,86020.0,False,74180.0,False,38490.0,50460.0,101920.0,145780.0,2024
13-2081,"Tax Examiners and Collectors, and Revenue Agents",53530,0.8,0.3,67570.0,False,59740.0,False,40020.0,46820.0,79330.0,110300.0,2024
13-2082,Tax Preparers,73570,3.1,1.4,58860.0,False,50560.0,False,30500.0,37750.0,75590.0,96240.0,2024
13-2099,"Financial Specialists, All Other",127450,1.3,1.0,93890.0,False,80190.0,False,46420.0,60140.0,109120.0,151780.0,2024
15-1211,Computer Systems Analysts,497800,0.9,0.5,111960.0,False,103790.0,False,63160.0,80900.0,132360.0,166030.0,2024
15-1212,Information Security Analysts,179430,2.1,0.6,127730.0,False,124910.0,False,69660.0,92160.0,159600.0,186420.0,2024
15-1221,Computer and Information Research Scientists,38480,3.5,1.1,152310.0,False,140910.0,False,80670.0,102710.0,181210.0,232120.0,2024
15-1231,Computer Network Support Specialists,146450,2.3,0.8,79610.0,False,73340.0,False,46010.0,56720.0,95710.0,124470.0,2024
15-1232,Computer User Support Specialists,697210,0.9,0.4,64990.0,False,60340.0,False,38780.0,47580.0,77010.0,98010.0,2024
15-1241,Computer Network Architects,177010,1.5,0.9,135890.0,False,130390.0,False,79520.0,102120.0,164440.0,198030.0,2024
15-1242,Database Administrators,73180,3.4,0.6,107440.0,False,104620.0,False,56820.0,76100.0,132850.0,160890.0,2024
15-1243,Database Architects,64770,2.7,1.1,142620.0,False,135980.0,False,81630.0,107900.0,169480.0,209990.0,2024
15-1244,Network and Computer Systems Administrators,318570,1.1,0.6,101190.0,False,96800.0,False,60320.0,75860.0,123390.0,150320.0,2024
15-1251,Computer Programmers,109870,2.5,4.3,103640.0,False,98670.0,False,52190.0,71860.0,128960.0,162090.0,2024
15-1252,Software Developers,1654440,0.7,0.6,144570.0,False,133080.0,False,79850.0,103050.0,169000.0,211450.0,2024
15-1253,Software Quality Assurance Analysts and Testers,199800,1.7,0.7,110260.0,False,102610.0,False,60690.0,79520.0,131870.0,166960.0,2024
15-1254,Web Developers,78860,2.6,1.1,98790.0,False,90930.0,False,48560.0,63140.0,124300.0,162870.0,2024
15-1255,Web and Digital Interface Designers,111400,3.1,0.9,111450.0,False,98090.0,False,47840.0,64990.0,141860.0,192180.0,2024
15-1299,"Computer Occupations, All Other",439380,1.0,0.6,116700.0,False,108970.0,False,52650.0,76360.0,147530.0,176800.0,2024
15-2011,Actuaries,28340,3.6,2.2,134990.0,False,125770.0,False,75240.0,90970.0,164860.0,206430.0,2024
15-2021,Mathematicians,2220,2.8,1.1,122520.0,False,121680.0,False,63430.0,85720.0,153340.0,187660.0,2024
15-2031,Operations Research Analysts,107760,1.5,0.9,99120.0,False,91290.0,False,53910.0,66910.0,124120.0,159280.0,2024
15-2041,Statisticians,29800,3.2,1.4,112330.0,False,103300.0,False,60390.0,79210.0,137610.0,170700.0,2024
15-2051,Data Scientists,233440,1.7,0.9,124590.0,False,112590.0,False,63650.0,82630.0,155810.0,194410.0,2024
15-2099,"Mathematical Science Occupations, All Other",4660,6.5,3.5,84700.0,False,71490.0,False,40330.0,52440.0,101920.0,154140.0,2024
17-1011,"Architects, Except Landscape and Naval",111140,1.9,1.0,103390.0,False,96690.0,False,60510.0,76110.0,123300.0,159800.0,2024
17-1012,Landscape Architects,19580,11.3,1.6,88000.0,False,79660.0,False,51990.0,62650.0,101580.0,132250.0,2024
17-1021,Cartographers and Photogrammetrists,12790,4.0,1.1,82860.0,False,78380.0,False,50500.0,62860.0,99650.0,121440.0,2024
17-1022,Surveyors,53080,2.7,1.2,76730.0,False,72740.0,False,43680.0,53590.0,94550.0,116330.0,2024
17-2011,Aerospace Engineers,68440,2.3,0.8,141180.0,False,134830.0,False,85350.0,104740.0,174480.0,205850.0,2024
17-2021,Agricultural Engineers,1680,33.6,13.6,84240.0,False,84630.0,False,43020.0,49930.0,103940.0,132700.0,2024
17-2031,Bioengineers and Biomedical Engineers,21860,4.0,0.9,115020.0,False,106950.0,False,71860.0,86630.0,133570.0,165060.0,2024
17-2041,Chemical Engineers,20330,3.7,2.4,128430.0,False,121860.0,False,78520.0,96040.0,152290.0,182150.0,2024
17-2051,Civil Engineers,355410,1.1,0.7,107050.0,False,99590.0,False,65920.0,78790.0,128290.0,160990.0,2024
17-2061,Computer Hardware Engineers,75710,2.8,1.1,156770.0,False,155020.0,False,85430.0,115500.0,185380.0,223820.0,2024
17-2071,Electrical Engineers,188790,1.4,0.7,120980.0,False,111910.0,False,74670.0,87590.0,141630.0,175460.0,2024
17-2072,"Electronics Engineers, Except Computer",93940,1.7,0.6,132500.0,False,127590.0,False,79390.0,98920.0,164000.0,199060.0,2024
17-2081,Environmental Engineers,37950,3.2,0.9,110570.0,False,104170.0,False,64950.0,80510.0,130830.0,161910.0,2024
17-2111,"Health and Safety Engineers, Except Mining Safety Engineers and Inspectors",23220,3.5,1.2,113770.0,False,109660.0,False,62050.0,85400.0,136150.0,166670.0,2024
17-2112,Industrial Engineers,350230,0.6,0.3,107900.0,False,101140.0,False,70000.0,81910.0,127480.0,157140.0,2024
17-2121,Marine Engineers and Naval Architects,8440,5.2,1.4,116680.0,False,105670.0,False,79700.0,88480.0,133780.0,167660.0,2024
17-2131,Materials Engineers,22770,2.4,0.7,116380.0,False,108310.0,False,68040.0,85820.0,138370.0,172000.0,2024
17-2141,Mechanical Engineers,286760,1.0,0.5,110080.0,False,102320.0,False,68740.0,81800.0,130290.0,161240.0,2024
17-2151,"Mining and Geological Engineers, Including Mining Safety Engineers",6770,7.0,2.4,108940.0,False,101020.0,False,62500.0,81040.0,129860.0,163740.0,2024
17-2161,Nuclear Engineers,14740,3.7,1.4,134980.0,False,127520.0,False,88290.0,103010.0,157600.0,187430.0,2024
17-2171,Petroleum Engineers,18970,5.8,1.9,153560.0,False,141280.0,False,78840.0,107330.0,191100.0,228790.0,2024
17-2199,"Engineers, All Other",150750,1.2,0.6,121720.0,False,117750.0,False,62840.0,85750.0,152670.0,183510.0,2024
17-3011,Architectural and Civil Drafters,109550,2.0,0.6,68860.0,False,64280.0,False,44040.0,52880.0,79510.0,98190.0,2024
17-3012,Electrical and Electronics Drafters,20020,3.6,0.9,77960.0,False,73720.0,False,48680.0,58800.0,91780.0,110180.0,2024
17-3013,Mechanical Drafters,39900,3.4,1.3,74040.0,False,68510.0,False,46500.0,56470.0,85580.0,107600.0,2024
17-3019,"Drafters, All Other",16010,3.6,0.9,66530.0,False,62010.0,False,42170.0,50970.0,77750.0,96620.0,2024
17-3021,Aerospace Engineering and Operations Technologists and Technicians,9060,4.3,1.4,86330.0,False,79830.0,False,53730.0,64570.0,102220.0,120440.0,2024
17-3022,Civil Engineering Technologists and Technicians,62130,2.2,1.1,68450.0,False,64200.0,False,43550.0,51730.0,79550.0,97840.0,2024
17-3023,Electrical and Electronic Engineering Technologists and Technicians,92710,1.4,0.4,78580.0,False,77180.0,False,48250.0,60610.0,94810.0,111790.0,2024
17-3024,Electro-Mechanical and Mechatronics Technologists and Technicians,14680,3.0,0.9,75710.0,False,70760.0,False,47770.0,58570.0,87320.0,109580.0,2024
17-3025,Environmental Engineering Technologists and Technicians,12500,6.4,1.3,63070.0,False,58890.0,False,39670.0,48250.0,75290.0,92280.0,2024
17-3026,Industrial Engineering Technologists and Technicians,73410,1.1,0.6,69780.0,False,64790.0,False,46370.0,53230.0,79040.0,97670.0,2024
17-3027,Mechanical Engineering Technologists and Technicians,37450,2.4,0.7,72450.0,False,68730.0,False,46940.0,57330.0,82980.0,100890.0,2024
17-3028,Calibration Technologists and Technicians,15320,4.5,1.5,71080.0,False,65040.0,False,44730.0,52250.0,83600.0,105440.0,2024
17-3029,"Engineering Technologists and Technicians, Except Drafters, All Other",64410,2.3,0.8,79740.0,False,77390.0,False,47010.0,59700.0,97760.0,114630.0,2024
17-3031,Surveying and Mapping Technicians,56720,2.6,0.7,56890.0,False,51940.0,False,36910.0,44180.0,65240.0,80870.0,2024
19-1011,Animal Scientists,2470,10.2,10.9,104970.0,False,79120.0,False,48440.0,59610.0,128450.0,235750.0,2024
19-1012,Food Scientists and Technologists,14370,5.9,1.7,92190.0,False,85310.0,False,49580.0,65240.0,111700.0,141860.0,2024
19-1013,Soil and Plant Scientists,16600,4.9,2.9,83040.0,False,71410.0,False,45320.0,57950.0,98110.0,131440.0,2024
19-1021,Biochemists and Biophysicists,34520,3.6,1.4,115570.0,False,103650.0,False,64890.0,78730.0,134460.0,168900.0,2024
19-1022,Microbiologists,19760,4.0,0.9,95200.0,False,87330.0,False,51220.0,63920.0,120750.0,150650.0,2024
19-1023,Zoologists and Wildlife Biologists,16920,2.3,0.6,77920.0,False,72860.0,False,48240.0,58360.0,90590.0,113350.0,2024
19-1029,"Biological Scientists, All Other",59710,1.9,0.8,100440.0,False,93330.0,False,54500.0,67950.0,121350.0,159780.0,2024
19-1031,Conservation Scientists,25590,2.2,0.7,74310.0,False,67950.0,False,45260.0,53190.0,87980.0,107720.0,2024
19-1032,Foresters,9650,4.3,1.5,74670.0,False,70660.0,False,49240.0,58810.0,85450.0,103220.0,2024
19-1041,Epidemiologists,11460,2.6,1.6,94160.0,False,83980.0,False,56950.0,68040.0,106040.0,134860.0,2024
19-1042,"Medical Scientists, Except Epidemiologists",156300,1.3,0.9,112690.0,False,100590.0,False,61860.0,77260.0,133870.0,168210.0,2024
19-1099,"Life Scientists, All Other",7320,5.2,2.7,101940.0,False,87800.0,False,52360.0,66340.0,123720.0,168860.0,2024
19-2011,Astronomers,1560,8.4,3.2,134430.0,False,132170.0,False,70730.0,94990.0,177690.0,191880.0,2024
19-2012,Physicists,21340,2.2,0.8,166000.0,False,166290.0,False,80020.0,117450.0,210260.0,,2024
19-2021,Atmospheric and Space Scientists,8780,2.7,1.3,103980.0,False,97450.0,False,49990.0,69440.0,128940.0,160710.0,2024
19-2031,Chemists,83250,2.5,1.0,95940.0,False,84150.0,False,53210.0,63930.0,120210.0,154430.0,2024
19-2032,Materials Scientists,8330,5.9,1.4,111410.0,False,104160.0,False,61460.0,79980.0,134140.0,168500.0,2024
19-2041,"Environmental Scientists and Specialists, Including Health",84930,1.5,0.7,88640.0,False,80060.0,False,50130.0,62090.0,103730.0,134830.0,2024
19-2042,"Geoscientists, Except Hydrologists and Geographers",22510,3.6,1.9,111310.0,False,99240.0,False,58790.0,72440.0,134350.0,178880.0,2024
19-2043,Hydrologists,5720,3.9,1.2,98130.0,False,92060.0,False,60010.0,73330.0,114940.0,139420.0,2024
19-2099,"Physical Scientists, All Other",22580,2.4,1.0,123070.0,False,117960.0,False,61990.0,82450.0,154900.0,191880.0,2024
19-3011,Economists,15880,2.8,1.4,130910.0,False,115440.0,False,62340.0,82260.0,166030.0,212710.0,2024
19-3022,Survey Researchers,7720,8.2,3.5,73470.0,False,63380.0,False,36950.0,46110.0,85370.0,118730.0,2024
19-3032,Industrial-Organizational Psychologists,1050,24.7,11.6,134400.0,False,109840.0,False,51880.0,80790.0,198170.0,224590.0,2024
19-3033,Clinical and Counseling Psychologists,72190,2.8,1.7,106850.0,False,95830.0,False,50470.0,67470.0,131510.0,170150.0,2024
19-3034,School Psychologists,63830,2.4,0.7,93610.0,False,86930.0,False,60880.0,73240.0,108210.0,132320.0,2024
19-3039,"Psychologists, All Other",17790,4.0,1.1,111340.0,False,117580.0,False,51410.0,73820.0,145200.0,163570.0,2024
19-3041,Sociologists,2950,7.2,2.2,111670.0,False,101690.0,False,60710.0,78150.0,134780.0,168590.0,2024
19-3051,Urban and Regional Planners,43040,1.4,0.5,89730.0,False,83720.0,False,55590.0,66210.0,104450.0,128550.0,2024
19-3091,Anthropologists and Archeologists,8070,6.2,1.4,71070.0,False,64910.0,False,44510.0,51240.0,83080.0,104510.0,2024
19-3092,Geographers,1380,3.2,0.8,98160.0,False,97200.0,False,62390.0,75590.0,117190.0,133680.0,2024
19-3093,Historians,3140,8.8,1.2,78470.0,False,74050.0,False,38630.0,55190.0,96330.0,128500.0,2024
19-3094,Political Scientists,5950,3.7,1.1,137600.0,False,139380.0,False,74750.0,103030.0,172050.0,191880.0,2024
19-3099,"Social Scientists and Related Workers, All Other",36970,1.8,0.6,106440.0,False,100340.0,False,62570.0,79210.0,127880.0,160810.0,2024
19-4012,Agricultural Technicians,14340,4.9,1.2,49680.0,False,46790.0,False,32860.0,38480.0,59370.0,69010.0,2024
19-4013,Food Science Technicians,14200,3.0,0.8,54400.0,False,49430.0,False,37760.0,43990.0,60940.0,75100.0,2024
19-4021,Biological Technicians,76190,1.7,0.6,58020.0,False,52000.0,False,38060.0,45380.0,66410.0,81990.0,2024
19-4031,Chemical Technicians,55640,2.1,0.8,61300.0,False,57790.0,False,39030.0,46680.0,72940.0,90990.0,2024
19-4042,"Environmental Science and Protection Technicians, Including Health",39390,2.5,1.3,56770.0,False,49490.0,False,36130.0,38050.0,64170.0,85630.0,2024
19-4043,"Geological Technicians, Except Hydrologic Technicians",9710,8.6,3.1,58220.0,False,48390.0,False,32830.0,39200.0,64470.0,92210.0,2024
19-4044,Hydrologic Technicians,2940,7.9,1.5,64410.0,False,58570.0,False,40330.0,47450.0,79790.0,94310.0,2024
19-4051,Nuclear Technicians,5990,2.6,1.0,100730.0,False,104240.0,False,64370.0,83330.0,113710.0,126890.0,2024
19-4061,Social Science Research Assistants,32940,3.2,1.3,63560.0,False,58040.0,False,36410.0,46190.0,73060.0,100620.0,2024
19-4071,Forest and Conservation Technicians,31080,1.3,0.3,56660.0,False,54310.0,False,36190.0,42560.0,66020.0,80790.0,2024
19-4092,Forensic Science Technicians,19450,1.8,0.9,75260.0,False,67440.0,False,45560.0,53310.0,88710.0,110710.0,2024
19-4099,"Life, Physical, and Social Science Technicians, All Other",71400,1.9,0.7,64640.0,False,60130.0,False,37310.0,46270.0,77990.0,101870.0,2024
19-5011,Occupational Health and Safety Specialists,128430,1.7,0.6,88660.0,False,83910.0,False,50610.0,64410.0,105390.0,130460.0,2024
19-5012,Occupational Health and Safety Technicians,31450,3.3,1.2,63800.0,False,58440.0,False,40550.0,49510.0,74810.0,94670.0,2024
21-1012,"Educational, Guidance, and Career Counselors and Advisors",342350,0.6,0.4,71520.0,False,65140.0,False,43580.0,51690.0,83490.0,105870.0,2024
21-1013,Marriage and Family Therapists,65870,4.0,2.6,72720.0,False,63780.0,False,42610.0,48600.0,85020.0,111610.0,2024
21-1015,Rehabilitation Counselors,88930,1.8,0.6,51260.0,False,46110.0,False,34480.0,38700.0,59040.0,77200.0,2024
21-1018,"Substance Abuse, Behavioral Disorder, and Mental Health Counselors",440380,1.0,0.6,65100.0,False,59190.0,False,39090.0,47170.0,76230.0,98210.0,2024
21-1019,"Counselors, All Other",33340,4.9,2.0,58070.0,False,49830.0,False,36160.0,42760.0,66510.0,91420.0,2024
21-1021,"Child, Family, and School Social Workers",382960,0.8,0.4,62920.0,False,58570.0,False,40580.0,47480.0,74060.0,94030.0,2024
21-1022,Healthcare Social Workers,185940,1.1,0.6,72030.0,False,68090.0,False,45030.0,55360.0,83410.0,100870.0,2024
21-1023,Mental Health and Substance Abuse Social Workers,125910,2.5,1.9,68290.0,False,60060.0,False,39620.0,46550.0,78980.0,104130.0,2024
21-1029,"Social Workers, All Other",64940,1.9,0.4,74680.0,False,69480.0,False,44530.0,52010.0,95390.0,112740.0,2024
21-1091,Health Education Specialists,65150,1.9,0.6,71700.0,False,63000.0,False,42210.0,49880.0,84460.0,112900.0,2024
21-1092,Probation Officers and Correctional Treatment Specialists,86820,0.4,0.2,71530.0,False,64520.0,False,45390.0,52580.0,84030.0,106290.0,2024
21-1093,Social and Human Service Assistants,424220,0.9,0.4,47090.0,False,45120.0,False,33280.0,37770.0,53040.0,63850.0,2024
21-1094,Community Health Workers,60730,2.2,0.6,55970.0,False,51030.0,False,37930.0,44370.0,63150.0,78560.0,2024
21-1099,"Community and Social Service Specialists, All Other",110390,2.0,0.5,58360.0,False,54940.0,False,36470.0,45420.0,67590.0,83210.0,2024
21-2011,Clergy,58080,2.4,1.3,67160.0,False,60820.0,False,37140.0,47220.0,76340.0,99720.0,2024
21-2021,"Directors, Religious Activities and Education",21460,4.2,2.4,65040.0,False,54840.0,False,33990.0,42210.0,74990.0,106530.0,2024
21-2099,"Religious Workers, All Other",12170,9.0,3.2,49830.0,False,45120.0,False,29120.0,34700.0,60310.0,75920.0,2024
23-1011,Lawyers,747750,0.8,2.2,182760.0,False,151160.0,False,72780.0,99760.0,215420.0,,2024
23-1012,Judicial Law Clerks,13220,1.6,0.5,69850.0,False,60400.0,False,42000.0,49840.0,78060.0,113150.0,2024
23-1021,"Administrative Law Judges, Adjudicators, and Hearing Officers",16230,0.4,0.3,122620.0,False,115230.0,False,56970.0,76920.0,161290.0,203990.0,2024
23-1022,"Arbitrators, Mediators, and Conciliators",7860,8.3,11.7,91170.0,False,67710.0,False,46200.0,60030.0,101010.0,133480.0,2024
23-1023,"Judges, Magistrate Judges, and Magistrates",25580,0.8,0.8,143110.0,False,156210.0,False,46520.0,86060.0,189890.0,216540.0,2024
23-2011,Paralegals and Legal Assistants,367220,1.3,1.0,66510.0,False,61010.0,False,39710.0,48190.0,78280.0,98990.0,2024
23-2093,"Title Examiners, Abstractors, and Searchers",48170,2.9,1.4,59600.0,False,54980.0,False,36710.0,45020.0,70290.0,87240.0,2024
23-2099,"Legal Support Workers, All Other",47380,2.6,1.1,86220.0,False,68760.0,False,41510.0,50960.0,103460.0,176950.0,2024
25-1011,"Business Teachers, Postsecondary",81780,0.7,0.6,113840.0,False,97270.0,False,46460.0,63040.0,140360.0,210530.0,2024
25-1021,"Computer Science Teachers, Postsecondary",36240,0.6,0.7,105830.0,False,96690.0,False,48910.0,65200.0,132200.0,172380.0,2024
25-1022,"Mathematical Science Teachers, Postsecondary",48820,0.3,0.6,92880.0,False,79350.0,False,48150.0,60880.0,106270.0,161020.0,2024
25-1031,"Architecture Teachers, Postsecondary",9120,1.2,0.9,110360.0,False,101480.0,False,59590.0,78090.0,129310.0,166720.0,2024
25-1032,"Engineering Teachers, Postsecondary",39910,0.5,0.6,119340.0,False,106120.0,False,59790.0,80060.0,136400.0,200650.0,2024
25-1041,"Agricultural Sciences Teachers, Postsecondary",8700,1.8,0.7,97790.0,False,86350.0,False,49080.0,63980.0,123290.0,160870.0,2024
25-1042,"Biological Science Teachers, Postsecondary",53250,0.4,0.6,101340.0,False,83460.0,False,50760.0,64010.0,125310.0,169560.0,2024
25-1043,"Forestry and Conservation Science Teachers, Postsecondary",1310,2.9,0.8,103780.0,False,100830.0,False,58670.0,81380.0,125080.0,154630.0,2024
25-1051,"Atmospheric, Earth, Marine, and Space Sciences Teachers, Postsecondary",11480,1.3,0.5,112950.0,False,101390.0,False,53310.0,66620.0,135500.0,199260.0,2024
25-1052,"Chemistry Teachers, Postsecondary",20390,0.3,0.5,103030.0,False,86220.0,False,52870.0,64980.0,125920.0,171600.0,2024
25-1053,"Environmental Science Teachers, Postsecondary",7130,1.8,0.6,100360.0,False,87710.0,False,50670.0,64360.0,124680.0,164290.0,2024
25-1054,"Physics Teachers, Postsecondary",13590,0.5,0.7,105460.0,False,97360.0,False,54880.0,66730.0,130150.0,169740.0,2024
25-1061,"Anthropology and Archeology Teachers, Postsecondary",5260,1.2,0.6,102530.0,False,95770.0,False,51380.0,67410.0,122870.0,169090.0,2024
25-1062,"Area, Ethnic, and Cultural Studies Teachers, Postsecondary",11430,0.7,0.6,97350.0,False,84290.0,False,51130.0,64320.0,107810.0,164650.0,2024
25-1063,"Economics Teachers, Postsecondary",12420,0.4,0.6,133140.0,False,119980.0,False,57550.0,80850.0,166600.0,217160.0,2024
25-1064,"Geography Teachers, Postsecondary",3290,0.6,0.7,99020.0,False,86730.0,False,49990.0,66400.0,120220.0,164350.0,2024
25-1065,"Political Science Teachers, Postsecondary",17170,0.5,0.5,105160.0,False,94680.0,False,50490.0,65330.0,127480.0,173380.0,2024
25-1066,"Psychology Teachers, Postsecondary",41610,2.8,0.7,93530.0,False,80330.0,False,47870.0,62290.0,106640.0,158900.0,2024
25-1067,"Sociology Teachers, Postsecondary",12380,0.8,0.6,97270.0,False,82540.0,False,49330.0,64130.0,113000.0,167240.0,2024
25-1069,"Social Sciences Teachers, Postsecondary, All Other",17540,0.9,0.6,92950.0,False,75040.0,False,45280.0,59550.0,105390.0,176350.0,2024
25-1071,"Health Specialties Teachers, Postsecondary",229720,0.9,0.7,137900.0,False,105620.0,False,51760.0,74400.0,176090.0,,2024
25-1072,"Nursing Instructors and Teachers, Postsecondary",74250,1.0,0.7,87090.0,False,79940.0,False,47950.0,62210.0,102020.0,130040.0,2024
25-1081,"Education Teachers, Postsecondary",59090,0.8,0.6,78500.0,False,72090.0,False,38650.0,50630.0,96260.0,126450.0,2024
25-1082,"Library Science Teachers, Postsecondary",4100,1.2,0.6,84320.0,False,78630.0,False,53590.0,62130.0,97020.0,126200.0,2024
25-1111,"Criminal Justice and Law Enforcement Teachers, Postsecondary",13560,1.2,0.9,84820.0,False,71470.0,False,45640.0,56100.0,99730.0,143130.0,2024
25-1112,"Law Teachers, Postsecondary",22800,1.9,0.7,139950.0,False,126650.0,False,58330.0,84540.0,173580.0,,2024
25-1113,"Social Work Teachers, Postsecondary",13350,1.5,0.9,81880.0,False,76210.0,False,45370.0,57080.0,98570.0,129280.0,2024
25-1121,"Art, Drama, and Music Teachers, Postsecondary",97890,0.8,0.7,102240.0,False,80190.0,False,47040.0,60730.0,121600.0,194530.0,2024
25-1122,"Communications Teachers, Postsecondary",29260,0.5,0.6,90340.0,False,77800.0,False,47100.0,60060.0,103230.0,160210.0,2024
25-1123,"English Language and Literature Teachers, Postsecondary",59590,0.4,0.5,90400.0,False,78270.0,False,47540.0,59780.0,103730.0,154800.0,2024
25-1124,"Foreign Language and Literature Teachers, Postsecondary",21170,0.6,0.6,87670.0,False,77010.0,False,47090.0,59790.0,101680.0,134960.0,2024
25-1125,"History Teachers, Postsecondary",19860,0.4,0.7,93710.0,False,81500.0,False,47730.0,62370.0,106770.0,158140.0,2024
25-1126,"Philosophy and Religion Teachers, Postsecondary",20840,2.0,0.8,88210.0,False,78050.0,False,47550.0,60980.0,101680.0,134910.0,2024
25-1192,"Family and Consumer Sciences Teachers, Postsecondary",2630,1.7,0.7,84450.0,False,77280.0,False,47580.0,56870.0,99530.0,133180.0,2024
25-1193,"Recreation and Fitness Studies Teachers, Postsecondary",12680,1.1,0.5,87980.0,False,75890.0,False,44150.0,57290.0,101420.0,158240.0,2024
25-1194,"Career/Technical Education Teachers, Postsecondary",111150,1.6,0.7,68710.0,False,61490.0,False,38680.0,48030.0,80070.0,106580.0,2024
25-1199,"Postsecondary Teachers, All Other",151530,0.8,0.6,94470.0,False,78490.0,False,39720.0,55500.0,122510.0,172850.0,2024
25-2011,"Preschool Teachers, Except Special Education",445080,1.4,0.7,41450.0,False,37120.0,False,28300.0,31250.0,46550.0,60070.0,2024
25-2012,"Kindergarten Teachers, Except Special Education",114410,1.4,0.7,67020.0,False,61430.0,False,45750.0,50290.0,77720.0,99360.0,2024
25-2021,"Elementary School Teachers, Except Special Education",1393310,0.8,0.6,69790.0,False,62340.0,False,46440.0,50680.0,79410.0,102010.0,2024
25-2022,"Middle School Teachers, Except Special and Career/Technical Education",620370,1.5,0.8,70040.0,False,62970.0,False,47050.0,53540.0,79380.0,100980.0,2024
25-2023,"Career/Technical Education Teachers, Middle School",14200,3.6,1.3,68690.0,False,63620.0,False,47090.0,55920.0,78270.0,98430.0,2024
25-2031,"Secondary School Teachers, Except Special and Career/Technical Education",1072540,1.0,0.6,73700.0,False,64580.0,False,47330.0,57800.0,83010.0,104670.0,2024
25-2032,"Career/Technical Education Teachers, Secondary School",104450,2.0,0.8,70550.0,False,63910.0,False,48840.0,58840.0,78650.0,98720.0,2024
25-2051,"Special Education Teachers, Preschool",28200,6.2,2.9,72610.0,False,62190.0,False,38740.0,49370.0,81330.0,132530.0,2024
25-2052,"Special Education Teachers, Kindergarten and Elementary School",231570,1.2,0.6,70150.0,False,63000.0,False,47590.0,57050.0,79320.0,100620.0,2024
25-2057,"Special Education Teachers, Middle School",95330,2.4,1.0,72310.0,False,64880.0,False,48070.0,58590.0,81940.0,102730.0,2024
25-2058,"Special Education Teachers, Secondary School",162780,1.5,0.7,74610.0,False,69590.0,False,47930.0,58180.0,87140.0,106050.0,2024
25-2059,"Special Education Teachers, All Other",39350,4.4,1.5,74180.0,False,67430.0,False,43220.0,53470.0,87890.0,109360.0,2024
25-3011,"Adult Basic Education, Adult Secondary Education, and English as a Second Language Instructors",36260,2.5,0.9,64660.0,False,59950.0,False,39750.0,47950.0,76580.0,95750.0,2024
25-3021,Self-Enrichment Teachers,308520,1.3,0.9,53330.0,False,45590.0,False,28980.0,35410.0,62180.0,90780.0,2024
25-3031,"Substitute Teachers, Short-Term",481300,1.6,1.0,44930.0,False,38470.0,False,26240.0,31310.0,51930.0,63460.0,2024
25-3041,Tutors,174660,1.8,1.2,47780.0,False,40090.0,False,28430.0,33410.0,55380.0,78810.0,2024
25-3099,"Teachers and Instructors, All Other",125010,4.1,1.9,71610.0,False,64690.0,False,33280.0,46700.0,93180.0,116690.0,2024
25-4011,Archivists,7050,4.2,1.2,67620.0,False,61570.0,False,39330.0,47890.0,79850.0,104780.0,2024
25-4012,Curators,12280,2.2,4.1,70060.0,False,61770.0,False,37110.0,47270.0,81350.0,105520.0,2024
25-4013,Museum Technicians and Conservators,13070,2.6,1.0,53630.0,False,47460.0,False,30720.0,37460.0,62990.0,82790.0,2024
25-4022,Librarians and Media Collections Specialists,131830,1.0,0.6,69180.0,False,64320.0,False,38920.0,50920.0,80640.0,100880.0,2024
25-4031,Library Technicians,73770,1.7,0.7,43050.0,False,39970.0,False,27890.0,33510.0,49740.0,60960.0,2024
25-9021,Farm and Home Management Educators,10260,5.1,1.5,60470.0,False,58120.0,False,36780.0,46010.0,69110.0,85230.0,2024
25-9031,Instructional Coordinators,210850,1.0,0.6,77600.0,False,74720.0,False,46560.0,59120.0,94780.0,115410.0,2024
25-9044,"Teaching Assistants, Postsecondary",155010,0.4,0.5,47560.0,False,44930.0,False,28020.0,32640.0,60410.0,73560.0,2024
25-9045,"Teaching Assistants, Except Postsecondary",1375300,0.5,0.5,35960.0,False,35240.0,False,23710.0,29120.0,40400.0,48140.0,2024
25-9099,"Educational Instruction and Library Workers, All Other",114640,1.1,0.9,55700.0,False,48400.0,False,24160.0,33280.0,68800.0,95310.0,2024
27-1011,Art Directors,50370,2.9,1.2,128100.0,False,111040.0,False,61060.0,80130.0,160460.0,211410.0,2024
27-1012,Craft Artists,4370,8.7,2.8,45340.0,False,38480.0,False,22620.0,31350.0,52070.0,65850.0,2024
27-1013,"Fine Artists, Including Painters, Sculptors, and Illustrators",10000,7.7,5.4,76450.0,False,60560.0,False,26420.0,39740.0,89630.0,140660.0,2024
27-1014,Special Effects Artists and Animators,21280,7.2,2.1,110110.0,False,99800.0,False,57220.0,73030.0,135600.0,174630.0,2024
27-1019,"Artists and Related Workers, All Other",7370,7.9,3.3,79490.0,False,72760.0,False,33720.0,44760.0,112420.0,133180.0,2024
27-1021,Commercial and Industrial Designers,30250,2.6,1.0,88000.0,False,79450.0,False,49390.0,62040.0,103170.0,134840.0,2024
27-1022,Fashion Designers,20910,7.0,13.2,122430.0,False,80690.0,False,35970.0,53730.0,107990.0,169620.0,2024
27-1023,Floral Designers,40160,1.8,0.8,37700.0,False,36120.0,False,27260.0,30200.0,43420.0,48690.0,2024
27-1024,Graphic Designers,214260,1.8,2.1,68610.0,False,61300.0,False,37600.0,47200.0,79000.0,103030.0,2024
27-1025,Interior Designers,69580,2.4,1.3,71430.0,False,63490.0,False,38480.0,49770.0,80830.0,106090.0,2024
27-1026,Merchandise Displayers and Window Trimmers,192480,1.5,0.6,40540.0,False,37350.0,False,30050.0,33580.0,44750.0,53800.0,2024
27-1027,Set and Exhibit Designers,10850,5.8,2.8,78450.0,False,66280.0,False,35990.0,48920.0,100020.0,129420.0,2024
27-1029,"Designers, All Other",9680,9.7,2.8,78000.0,False,66220.0,False,36530.0,46850.0,95330.0,131950.0,2024
27-2011,Actors,38800,6.0,15.9,,False,,False,,,,,2024
27-2012,Producers and Directors,145270,1.6,2.0,114280.0,False,83480.0,False,43060.0,59810.0,131160.0,198530.0,2024
27-2021,Athletes and Sports Competitors,14370,7.3,12.9,259750.0,False,62360.0,False,24960.0,36750.0,130770.0,,2024
27-2022,Coaches and Scouts,250940,1.4,0.9,58910.0,False,45920.0,False,27490.0,33960.0,61930.0,93980.0,2024
27-2023,"Umpires, Referees, and Other Sports Officials",15080,5.6,10.2,52800.0,False,38820.0,False,25070.0,30920.0,53560.0,93180.0,2024
27-2031,Dancers,9060,9.6,4.9,,False,,False,,,,,2024
27-2032,Choreographers,3430,9.4,3.3,62020.0,False,55600.0,False,33080.0,39600.0,71190.0,94090.0,2024
27-2041,Music Directors and Composers,12330,6.0,3.3,84230.0,False,63670.0,False,34990.0,47330.0,96590.0,157010.0,2024
27-2042,Musicians and Singers,38350,20.3,9.1,,False,,False,,,,,2024
27-2091,"Disc Jockeys, Except Radio",8170,10.0,11.6,,False,,False,,,,,2024
27-2099,"Entertainers and Performers, Sports and Related Workers, All Other",15040,5.7,5.3,,False,,False,,,,,2024
27-3011,Broadcast Announcers and Radio Disc Jockeys,23880,2.7,2.0,80110.0,False,45680.0,False,26000.0,33280.0,72080.0,131780.0,2024
27-3023,"News Analysts, Reporters, and Journalists",41550,2.2,1.9,106030.0,False,60280.0,False,34590.0,40420.0,97460.0,162430.0,2024
27-3031,Public Relations Specialists,280590,0.8,0.9,80310.0,False,69780.0,False,40750.0,51970.0,95940.0,129480.0,2024
27-3041,Editors,95480,2.1,1.1,85700.0,False,75260.0,False,36200.0,50210.0,101210.0,140840.0,2024
27-3042,Technical Writers,55530,2.2,0.9,92330.0,False,91670.0,False,54400.0,68640.0,102740.0,130430.0,2024
27-3043,Writers and Authors,47800,5.3,7.7,85780.0,False,72270.0,False,41080.0,52890.0,98320.0,133680.0,2024
27-3091,Interpreters and Translators,53360,3.1,1.6,64950.0,False,59440.0,False,35630.0,45020.0,80020.0,99830.0,2024
27-3092,Court Reporters and Simultaneous Captioners,12630,3.1,1.3,74630.0,False,67310.0,False,39100.0,50210.0,92710.0,127020.0,2024
27-3099,"Media and Communication Workers, All Other",23590,7.7,2.3,84870.0,False,71770.0,False,38530.0,52690.0,99520.0,148070.0,2024
27-4011,Audio and Video Technicians,70080,2.7,1.3,61370.0,False,54830.0,False,35290.0,43860.0,73590.0,98190.0,2024
27-4012,Broadcast Technicians,21080,2.2,1.2,64220.0,False,53920.0,False,29190.0,36900.0,80390.0,115400.0,2024
27-4014,Sound Engineering Technicians,13050,7.2,3.9,79280.0,False,66430.0,False,36600.0,47680.0,99950.0,134980.0,2024
27-4015,Lighting Technicians,10130,6.6,2.7,70000.0,False,60560.0,False,36340.0,47100.0,83340.0,117690.0,2024
27-4021,Photographers,51230,2.0,2.5,55650.0,False,42520.0,False,29610.0,34790.0,62370.0,94760.0,2024
27-4031,"Camera Operators, Television, Video, and Film",24460,4.0,1.6,79870.0,False,68810.0,False,36240.0,48060.0,102400.0,131420.0,2024
27-4032,Film and Video Editors,28860,4.9,1.7,83530.0,False,70980.0,False,39170.0,50230.0,101570.0,145900.0,2024
27-4099,"Media and Communication Equipment Workers, All Other",13020,9.9,2.4,78350.0,False,67190.0,False,35670.0,48490.0,102650.0,133650.0,2024
29-1011,Chiropractors,37630,2.9,1.8,91830.0,False,79000.0,False,44780.0,59320.0,104000.0,149990.0,2024
29-1021,"Dentists, General",113490,2.5,1.5,196100.0,False,172790.0,False,83860.0,126090.0,220380.0,,2024
29-1022,Oral and Maxillofacial Surgeons,5330,15.3,11.7,360240.0,False,,True,82960.0,236780.0,,,2024
29-1023,Orthodontists,5150,18.7,4.2,254620.0,False,,True,98560.0,137320.0,,,2024
29-1024,Prosthodontists,760,36.3,5.7,258660.0,False,,True,97370.0,232000.0,,,2024
29-1029,"Dentists, All Other Specialists",5900,10.7,8.5,246530.0,False,225770.0,False,75360.0,172780.0,,,2024
29-1031,Dietitians and Nutritionists,76570,1.9,0.5,74770.0,False,73850.0,False,48830.0,61260.0,85200.0,101760.0,2024
29-1041,Optometrists,41890,2.7,1.3,140940.0,False,134830.0,False,70060.0,103310.0,163710.0,203210.0,2024
29-1051,Pharmacists,328870,0.9,0.3,137210.0,False,137480.0,False,86930.0,127250.0,158620.0,172040.0,2024
29-1071,Physician Assistants,155540,2.1,0.6,136900.0,False,133260.0,False,95240.0,113770.0,160160.0,182200.0,2024
29-1081,Podiatrists,9520,7.0,3.0,163960.0,False,152800.0,False,57500.0,91130.0,217960.0,,2024
29-1122,Occupational Therapists,152280,1.1,0.4,98240.0,False,98340.0,False,67090.0,80490.0,110460.0,129830.0,2024
29-1123,Physical Therapists,248630,1.1,0.5,102400.0,False,101020.0,False,74420.0,83470.0,117190.0,132500.0,2024
29-1124,Radiation Therapists,18700,6.7,1.0,110820.0,False,101990.0,False,77860.0,86520.0,120360.0,141550.0,2024
29-1125,Recreational Therapists,15060,2.0,2.2,65350.0,False,60280.0,False,39520.0,48230.0,77680.0,96600.0,2024
29-1126,Respiratory Therapists,136420,1.3,0.4,84260.0,False,80450.0,False,61900.0,68410.0,95530.0,108820.0,2024
29-1127,Speech-Language Pathologists,178790,1.2,0.5,95840.0,False,95410.0,False,60480.0,75310.0,112510.0,132850.0,2024
29-1128,Exercise Physiologists,8110,5.7,1.7,59620.0,False,58160.0,False,40930.0,48650.0,65430.0,79830.0,2024
29-1129,"Therapists, All Other",19320,5.2,1.9,73800.0,False,65010.0,False,38840.0,49510.0,85010.0,120050.0,2024
29-1131,Veterinarians,80630,1.2,1.5,140270.0,False,125510.0,False,70350.0,98420.0,161610.0,212890.0,2024
29-1141,Registered Nurses,3282010,0.2,0.2,98430.0,False,93600.0,False,66030.0,78610.0,107960.0,135320.0,2024
29-1151,Nurse Anesthetists,50350,5.1,1.6,231700.0,False,223210.0,False,137230.0,187110.0,,,2024
29-1161,Nurse Midwives,8280,6.5,1.6,128110.0,False,128790.0,False,74670.0,104260.0,146520.0,177040.0,2024
29-1171,Nurse Practitioners,307390,1.3,0.5,132000.0,False,129210.0,False,97960.0,109940.0,149570.0,169950.0,2024
29-1181,Audiologists,14730,5.8,1.6,95320.0,False,92120.0,False,61930.0,76440.0,109330.0,129830.0,2024
29-1211,Anesthesiologists,41890,7.9,22.1,336640.0,False,,True,124450.0,186680.0,,,2024
29-1212,Cardiologists,18020,10.5,3.2,432490.0,False,,True,119970.0,230100.0,,,2024
29-1213,Dermatologists,10080,11.6,5.1,347810.0,False,,True,118540.0,172510.0,,,2024
29-1214,Emergency Medicine Physicians,33680,6.4,2.9,320700.0,False,,True,114680.0,181070.0,,,2024
29-1215,Family Medicine Physicians,107950,3.1,1.6,256830.0,False,238380.0,False,81330.0,167580.0,,,2024
29-1216,General Internal Medicine Physicians,66640,4.1,3.0,262710.0,False,236350.0,False,70100.0,135240.0,,,2024
29-1217,Neurologists,7700,10.6,4.0,286310.0,False,,True,83500.0,140970.0,,,2024
29-1218,Obstetricians and Gynecologists,19900,5.7,4.1,281130.0,False,,True,94750.0,188130.0,,,2024
29-1221,"Pediatricians, General",42960,7.8,4.5,222340.0,False,210130.0,False,96240.0,159510.0,,,2024
29-1222,"Physicians, Pathologists",11800,9.1,3.2,266020.0,False,,True,83930.0,165940.0,,,2024
29-1223,Psychiatrists,24800,3.3,4.1,269120.0,False,,True,77360.0,141290.0,,,2024
29-1224,Radiologists,26290,7.0,2.8,359820.0,False,,True,82810.0,204330.0,,,2024
29-1229,"Physicians, All Other",315360,1.5,0.9,253470.0,False,,True,66860.0,95080.0,,,2024
29-1241,"Ophthalmologists, Except Pediatric",12110,8.1,3.6,301500.0,False,,True,104240.0,181490.0,,,2024
29-1242,"Orthopedic Surgeons, Except Pediatric",14160,11.2,4.6,365060.0,False,,True,83390.0,209730.0,,,2024
29-1243,Pediatric Surgeons,1050,23.4,5.4,450810.0,False,,True,189720.0,,,,2024
29-1249,"Surgeons, All Other",24080,10.5,4.4,371280.0,False,,True,77290.0,139070.0,,,2024
29-1291,Acupuncturists,8440,19.5,3.4,89750.0,False,78140.0,False,41840.0,54090.0,107120.0,158540.0,2024
29-1292,Dental Hygienists,219070,2.1,1.6,93890.0,False,94260.0,False,66470.0,80060.0,102920.0,120060.0,2024
29-1299,"Healthcare Diagnosing or Treating Practitioners, All Other",30870,3.2,1.8,128680.0,False,113730.0,False,65210.0,83350.0,161350.0,194000.0,2024
29-2010,Clinical Laboratory Technologists and Technicians,343040,1.0,0.3,65320.0,False,61890.0,False,38020.0,46580.0,80010.0,97990.0,2024
29-2031,Cardiovascular Technologists and Technicians,61180,3.3,1.2,72890.0,False,67260.0,False,37890.0,46470.0,91430.0,108900.0,2024
29-2032,Diagnostic Medical Sonographers,86460,1.6,0.4,92550.0,False,89340.0,False,64760.0,78080.0,103630.0,123170.0,2024
29-2033,Nuclear Medicine Technologists,16960,1.8,0.5,99690.0,False,97020.0,False,75570.0,83020.0,108190.0,128090.0,2024
29-2034,Radiologic Technologists and Technicians,223460,0.7,0.3,79760.0,False,77660.0,False,52360.0,62910.0,93610.0,106990.0,2024
29-2035,Magnetic Resonance Imaging Technologists,41530,1.8,0.4,91020.0,False,88180.0,False,64910.0,78150.0,102440.0,121420.0,2024
29-2036,Medical Dosimetrists,3970,7.9,1.4,141420.0,False,138110.0,False,103760.0,125600.0,157840.0,176360.0,2024
29-2042,Emergency Medical Technicians,177980,1.2,0.3,44790.0,False,41340.0,False,31410.0,36730.0,48160.0,60780.0,2024
29-2043,Paramedics,99530,1.2,0.5,60610.0,False,58410.0,False,40130.0,47920.0,68420.0,82420.0,2024
29-2051,Dietetic Technicians,29950,2.9,0.7,39560.0,False,37040.0,False,28280.0,32460.0,44290.0,53440.0,2024
29-2052,Pharmacy Technicians,487920,0.7,0.2,44800.0,False,43460.0,False,35100.0,36920.0,48580.0,59450.0,2024
29-2053,Psychiatric Technicians,136300,2.0,0.4,45000.0,False,42590.0,False,32980.0,37170.0,48910.0,60150.0,2024
29-2055,Surgical Technologists,113890,1.3,0.3,65810.0,False,62830.0,False,43290.0,51740.0,77140.0,90700.0,2024
29-2056,Veterinary Technologists and Technicians,131320,1.5,0.4,46280.0,False,45980.0,False,32120.0,37390.0,50960.0,60880.0,2024
29-2057,Ophthalmic Medical Technicians,76520,3.9,0.6,45360.0,False,44080.0,False,34210.0,37100.0,49730.0,60810.0,2024
29-2061,Licensed Practical and Licensed Vocational Nurses,632430,0.8,0.3,64150.0,False,62340.0,False,47960.0,55220.0,73160.0,80510.0,2024
29-2072,Medical Records Specialists,187910,1.0,0.6,55970.0,False,50250.0,False,35780.0,41600.0,64070.0,80950.0,2024
29-2081,"Opticians, Dispensing",79690,1.8,0.6,49970.0,False,46560.0,False,34470.0,37900.0,59680.0,73240.0,2024
29-2091,Orthotists and Prosthetists,9930,6.0,1.2,81330.0,False,78310.0,False,46220.0,59990.0,98880.0,118730.0,2024
29-2092,Hearing Aid Specialists,10580,7.5,1.9,63930.0,False,61560.0,False,36950.0,47150.0,78110.0,91000.0,2024
29-2099,"Health Technologists and Technicians, All Other",174060,1.2,0.6,56370.0,False,48790.0,False,37290.0,40740.0,62280.0,81290.0,2024
29-9021,Health Information Technologists and Medical Registrars,37620,2.7,0.9,73410.0,False,67310.0,False,39120.0,48400.0,92410.0,112130.0,2024
29-9091,Athletic Trainers,28950,2.2,0.5,63960.0,False,60250.0,False,45380.0,51590.0,70880.0,84100.0,2024
29-9092,Genetic Counselors,3510,7.4,1.3,102890.0,False,98910.0,False,78680.0,87060.0,113220.0,137780.0,2024
29-9093,Surgical Assistants,22860,6.8,1.6,67190.0,False,60290.0,False,39540.0,49140.0,80860.0,102390.0,2024
29-9099,"Healthcare Practitioners and Technical Workers, All Other",36970,1.9,1.0,73200.0,False,64030.0,False,37220.0,45250.0,91000.0,127340.0,2024
31-1120,Home Health and Personal Care Aides,3988140,0.3,0.3,34990.0,False,34900.0,False,25600.0,30370.0,37980.0,44190.0,2024
31-1131,Nursing Assistants,1388430,0.5,0.2,41270.0,False,39530.0,False,31390.0,36260.0,46070.0,50140.0,2024
31-1132,Orderlies,53020,1.8,0.7,40070.0,False,37700.0,False,31610.0,34850.0,43160.0,49570.0,2024
31-1133,Psychiatric Aides,34900,2.1,0.6,43610.0,False,41590.0,False,30920.0,35930.0,48770.0,58530.0,2024
31-2011,Occupational Therapy Assistants,47910,2.3,0.6,68540.0,False,68340.0,False,49070.0,59950.0,77340.0,86930.0,2024
31-2012,Occupational Therapy Aides,5000,10.3,1.9,41850.0,False,37370.0,False,27970.0,34840.0,44190.0,65580.0,2024
31-2021,Physical Therapist Assistants,108010,1.4,0.5,67160.0,False,65510.0,False,46020.0,58240.0,77270.0,87630.0,2024
31-2022,Physical Therapist Aides,44010,3.0,1.0,35510.0,False,34520.0,False,24960.0,29710.0,38240.0,46930.0,2024
31-9011,Massage Therapists,96040,2.7,1.4,63430.0,False,57950.0,False,33280.0,44870.0,77170.0,97450.0,2024
31-9091,Dental Assistants,375430,1.1,0.5,48860.0,False,47300.0,False,36190.0,39520.0,56910.0,61780.0,2024
31-9092,Medical Assistants,793460,0.9,0.3,44720.0,False,44200.0,False,35020.0,37610.0,48160.0,57830.0,2024
31-9093,Medical Equipment Preparers,72760,1.6,0.6,48990.0,False,46490.0,False,35400.0,38910.0,56160.0,67070.0,2024
31-9094,Medical Transcriptionists,43070,4.7,0.9,39210.0,False,37550.0,False,26370.0,31200.0,45680.0,53890.0,2024
31-9095,Pharmacy Aides,41100,3.1,0.9,40290.0,False,37000.0,False,29360.0,34450.0,42570.0,58660.0,2024
31-9096,Veterinary Assistants and Laboratory Animal Caretakers,114190,1.5,0.4,38990.0,False,37320.0,False,29160.0,34320.0,44550.0,48150.0,2024
31-9097,Phlebotomists,138880,1.3,0.4,44390.0,False,43660.0,False,34860.0,37540.0,48170.0,57750.0,2024
31-9099,"Healthcare Support Workers, All Other",103650,1.5,0.5,48760.0,False,46050.0,False,32450.0,37570.0,57650.0,68180.0,2024
33-1011,First-Line Supervisors of Correctional Officers,53390,0.5,0.2,82260.0,False,76310.0,False,50340.0,56890.0,102190.0,125170.0,2024
33-1012,First-Line Supervisors of Police and Detectives,153130,0.5,0.2,110990.0,False,105980.0,False,62370.0,80940.0,133520.0,165050.0,2024
33-1021,First-Line Supervisors of Firefighting and Prevention Workers,93680,0.9,0.4,97030.0,False,92430.0,False,53970.0,72240.0,115990.0,142300.0,2024
33-1091,First-Line Supervisors of Security Workers,70310,1.3,0.6,62990.0,False,58610.0,False,37800.0,46070.0,74700.0,93930.0,2024
33-1099,"First-Line Supervisors of Protective Service Workers, All Other",20460,1.9,0.9,73320.0,False,74960.0,False,40750.0,51860.0,90600.0,102360.0,2024
33-2011,Firefighters,332240,1.1,0.5,63890.0,False,59530.0,False,34490.0,44180.0,77410.0,101330.0,2024
33-2021,Fire Inspectors and Investigators,14050,2.3,0.9,87440.0,False,78060.0,False,47580.0,60700.0,105390.0,149870.0,2024
33-2022,Forest Fire Inspectors and Prevention Specialists,2780,11.7,4.8,61820.0,False,52380.0,False,33590.0,41000.0,77780.0,100450.0,2024
33-3011,Bailiffs,16910,1.4,0.4,62180.0,False,57050.0,False,32950.0,43420.0,77880.0,93950.0,2024
33-3012,Correctional Officers and Jailers,365380,0.4,0.2,62760.0,False,57970.0,False,41750.0,47520.0,75330.0,93000.0,2024
33-3021,Detectives and Criminal Investigators,110790,0.3,0.1,98770.0,False,93580.0,False,54160.0,68390.0,120080.0,159410.0,2024
33-3031,Fish and Game Wardens,6420,0.6,0.1,67990.0,False,68180.0,False,35670.0,53260.0,82100.0,94470.0,2024
33-3041,Parking Enforcement Workers,7770,2.3,0.6,51840.0,False,47150.0,False,35410.0,39930.0,61210.0,76030.0,2024
33-3051,Police and Sheriff's Patrol Officers,666990,0.4,0.2,79320.0,False,76290.0,False,47640.0,58980.0,97190.0,115280.0,2024
33-3052,Transit and Railroad Police,3000,2.0,0.9,91820.0,False,82320.0,False,58370.0,65920.0,114040.0,141870.0,2024
33-9011,Animal Control Workers,11790,2.2,0.7,49240.0,False,45830.0,False,32880.0,38160.0,57110.0,69990.0,2024
33-9021,Private Detectives and Investigators,38700,2.4,1.0,61680.0,False,52370.0,False,37250.0,41940.0,75310.0,98770.0,2024
33-9031,Gambling Surveillance Officers and Gambling Investigators,10000,2.1,0.5,46710.0,False,43900.0,False,34020.0,37410.0,50610.0,62360.0,2024
33-9032,Security Guards,1241770,0.5,0.4,42890.0,False,38370.0,False,29800.0,35100.0,46660.0,59580.0,2024
33-9091,Crossing Guards and Flaggers,90180,2.4,1.0,42910.0,False,37700.0,False,29940.0,34280.0,46920.0,61440.0,2024
33-9092,"Lifeguards, Ski Patrol, and Other Recreational Protective Service Workers",143590,2.0,0.5,34700.0,False,33720.0,False,24860.0,28840.0,37750.0,44600.0,2024
33-9093,Transportation Security Screeners,46340,0.8,0.3,61840.0,False,63360.0,False,45010.0,52210.0,69990.0,75940.0,2024
33-9094,School Bus Monitors,72140,1.9,0.5,35270.0,False,34980.0,False,27250.0,31200.0,38840.0,43240.0,2024
33-9099,"Protective Service Workers, All Other",83110,2.6,1.5,48210.0,False,41600.0,False,30620.0,35540.0,54310.0,72670.0,2024
35-1011,Chefs and Head Cooks,182320,2.6,1.0,64720.0,False,60990.0,False,36000.0,47710.0,76790.0,96030.0,2024
35-1012,First-Line Supervisors of Food Preparation and Serving Workers,1187460,0.8,0.5,44900.0,False,42010.0,False,29340.0,35400.0,50920.0,63420.0,2024
35-2011,"Cooks, Fast Food",668230,2.7,0.6,31140.0,False,30160.0,False,22370.0,26540.0,35710.0,38980.0,2024
35-2012,"Cooks, Institution and Cafeteria",448260,0.7,0.4,37310.0,False,36450.0,False,26800.0,30530.0,42860.0,48320.0,2024
35-2013,"Cooks, Private Household",900,32.7,6.3,51290.0,False,44530.0,False,38240.0,42800.0,47150.0,92480.0,2024
35-2014,"Cooks, Restaurant",1452130,1.0,0.4,37730.0,False,36830.0,False,28010.0,31310.0,43610.0,47340.0,2024
35-2015,"Cooks, Short Order",150420,6.0,1.5,35660.0,False,35620.0,False,23770.0,30160.0,39990.0,46010.0,2024
35-2019,"Cooks, All Other",23590,7.4,2.4,38000.0,False,36210.0,False,26430.0,31200.0,42230.0,49600.0,2024
35-2021,Food Preparation Workers,888770,1.5,0.5,33940.0,False,34220.0,False,23490.0,28740.0,37540.0,44260.0,2024
35-3011,Bartenders,745610,1.2,0.8,39880.0,False,33530.0,False,19930.0,25790.0,46790.0,71920.0,2024
35-3023,Fast Food and Counter Workers,3780930,0.7,0.4,31350.0,False,30480.0,False,22620.0,27150.0,35440.0,38800.0,2024
35-3031,Waiters and Waitresses,2302690,0.8,0.7,38360.0,False,33760.0,False,18500.0,25690.0,45350.0,62510.0,2024
35-3041,"Food Servers, Nonrestaurant",271780,1.3,0.5,35030.0,False,34460.0,False,26590.0,29800.0,37550.0,44770.0,2024
35-9011,Dining Room and Cafeteria Attendants and Bartender Helpers,522010,1.6,0.7,34190.0,False,32670.0,False,22260.0,27830.0,36880.0,46380.0,2024
35-9021,Dishwashers,471670,1.5,0.4,33220.0,False,33670.0,False,23960.0,28740.0,36750.0,41600.0,2024
35-9031,"Hosts and Hostesses, Restaurant, Lounge, and Coffee Shop",427150,1.5,0.7,32030.0,False,30380.0,False,22010.0,26630.0,35840.0,42600.0,2024
35-9099,"Food Preparation and Serving Related Workers, All Other",89580,5.2,1.5,35990.0,False,34830.0,False,24040.0,29890.0,38860.0,47360.0,2024
37-1011,First-Line Supervisors of Housekeeping and Janitorial Workers,174660,1.4,0.5,51170.0,False,47520.0,False,34390.0,38600.0,60330.0,74190.0,2024
37-1012,"First-Line Supervisors of Landscaping, Lawn Service, and Groundskeeping Workers",124130,2.1,0.7,59380.0,False,56170.0,False,39270.0,46350.0,70320.0,83080.0,2024
37-2011,"Janitors and Cleaners, Except Maids and Housekeeping Cleaners",2199900,0.4,0.3,37460.0,False,35930.0,False,27570.0,30830.0,41650.0,49040.0,2024
37-2012,Maids and Housekeeping Cleaners,854910,0.7,0.3,36180.0,False,34660.0,False,26800.0,29630.0,38510.0,47590.0,2024
37-2019,"Building Cleaning Workers, All Other",16370,7.9,2.8,44150.0,False,42360.0,False,30640.0,35610.0,48400.0,61640.0,2024
37-2021,Pest Control Workers,96110,1.0,0.6,45800.0,False,44730.0,False,32460.0,37060.0,49300.0,61410.0,2024
37-3011,Landscaping and Groundskeeping Workers,943430,0.6,0.3,40880.0,False,38090.0,False,29990.0,35250.0,45870.0,53900.0,2024
37-3012,"Pesticide Handlers, Sprayers, and Applicators, Vegetation",25200,5.3,0.9,45960.0,False,45200.0,False,34590.0,38040.0,50960.0,58910.0,2024
37-3013,Tree Trimmers and Pruners,47870,5.5,1.5,54970.0,False,50430.0,False,37660.0,43690.0,63130.0,78900.0,2024
37-3019,"Grounds Maintenance Workers, All Other",13580,7.5,1.2,47180.0,False,43410.0,False,30790.0,37810.0,52830.0,76090.0,2024
39-1013,First-Line Supervisors of Gambling Services Workers,25530,0.8,0.4,62600.0,False,61590.0,False,38360.0,49190.0,74080.0,82370.0,2024
39-1014,"First-Line Supervisors of Entertainment and Recreation Workers, Except Gambling Services",92830,1.6,0.5,51400.0,False,46900.0,False,32960.0,37960.0,60190.0,76430.0,2024
39-1022,First-Line Supervisors of Personal Service Workers,107060,1.6,0.7,50920.0,False,47080.0,False,32150.0,37800.0,59330.0,73800.0,2024
39-2011,Animal Trainers,20110,4.2,2.5,45780.0,False,38750.0,False,29120.0,32870.0,48900.0,70800.0,2024
39-2021,Animal Caretakers,277300,1.3,0.5,34750.0,False,33470.0,False,24500.0,28870.0,37160.0,46480.0,2024
39-3011,Gambling Dealers,82980,1.0,0.5,40420.0,False,33280.0,False,22340.0,24480.0,45430.0,73530.0,2024
39-3012,Gambling and Sports Book Writers and Runners,7600,5.2,1.6,32570.0,False,30460.0,False,22200.0,24960.0,36310.0,45900.0,2024
39-3019,"Gambling Service Workers, All Other",14920,4.7,1.5,37590.0,False,34530.0,False,22880.0,27570.0,38950.0,56740.0,2024
39-3021,Motion Picture Projectionists,1950,9.4,6.2,50290.0,False,38180.0,False,24160.0,29250.0,75380.0,82040.0,2024
39-3031,"Ushers, Lobby Attendants, and Ticket Takers",119210,2.0,0.5,31770.0,False,31150.0,False,22880.0,27140.0,35650.0,40210.0,2024
39-3091,Amusement and Recreation Attendants,371590,1.2,0.4,31350.0,False,30490.0,False,21940.0,26430.0,35360.0,39940.0,2024
39-3092,Costume Attendants,6290,4.9,1.7,65890.0,False,54810.0,False,33610.0,39240.0,83090.0,115240.0,2024
39-3093,"Locker Room, Coatroom, and Dressing Room Attendants",14960,6.1,1.9,36490.0,False,34800.0,False,23530.0,29120.0,41530.0,50790.0,2024
39-3099,"Entertainment Attendants and Related Workers, All Other",8060,7.2,2.5,36180.0,False,34550.0,False,22700.0,28180.0,40360.0,52860.0,2024
39-4011,Embalmers,3420,5.4,1.9,57520.0,False,56280.0,False,35160.0,46160.0,64760.0,78740.0,2024
39-4012,Crematory Operators,2950,5.7,1.6,44790.0,False,42880.0,False,31970.0,35890.0,49800.0,60260.0,2024
39-4021,Funeral Attendants,30560,1.7,0.8,35900.0,False,34610.0,False,26820.0,29420.0,39230.0,46690.0,2024
39-4031,"Morticians, Undertakers, and Funeral Arrangers",25700,2.1,1.0,56340.0,False,49800.0,False,31470.0,38470.0,67140.0,85940.0,2024
39-5011,Barbers,18100,8.6,4.1,47800.0,False,38960.0,False,27770.0,32050.0,59180.0,78440.0,2024
39-5012,"Hairdressers, Hairstylists, and Cosmetologists",295460,1.8,1.2,43460.0,False,35250.0,False,24580.0,29060.0,48300.0,70220.0,2024
39-5091,"Makeup Artists, Theatrical and Performance",3320,24.7,12.6,75410.0,False,50280.0,False,22010.0,28850.0,132530.0,157090.0,2024
39-5092,Manicurists and Pedicurists,147820,1.3,0.8,36910.0,False,34660.0,False,27910.0,31510.0,37660.0,47990.0,2024
39-5093,Shampooers,8890,10.9,2.0,30830.0,False,31470.0,False,22880.0,27390.0,35610.0,35970.0,2024
39-5094,Skincare Specialists,70240,5.0,2.1,48670.0,False,41560.0,False,27160.0,34130.0,55860.0,77330.0,2024
39-6011,Baggage Porters and Bellhops,31220,3.9,1.2,36960.0,False,36020.0,False,25480.0,29830.0,40780.0,48490.0,2024
39-6012,Concierges,44200,4.4,1.2,40770.0,False,37320.0,False,30770.0,33860.0,45700.0,58050.0,2024
39-7010,Tour and Travel Guides,49010,2.7,3.3,43090.0,False,36660.0,False,26890.0,31250.0,45910.0,59930.0,2024
39-9011,Childcare Workers,520180,1.5,0.5,33140.0,False,32050.0,False,22900.0,28000.0,36960.0,44560.0,2024
39-9031,Exercise Trainers and Group Fitness Instructors,303620,1.5,1.0,51360.0,False,46180.0,False,27580.0,34090.0,60920.0,82050.0,2024
39-9032,Recreation Workers,309640,1.2,0.4,37170.0,False,35380.0,False,25640.0,30460.0,41120.0,49460.0,2024
39-9041,Residential Advisors,82810,1.8,0.7,41590.0,False,39180.0,False,28490.0,33890.0,47590.0,58350.0,2024
39-9099,"Personal Care and Service Workers, All Other",62390,4.6,1.2,37990.0,False,37900.0,False,24980.0,32450.0,39190.0,49300.0,2024
41-1011,First-Line Supervisors of Retail Sales Workers,1113160,0.5,0.3,52350.0,False,47320.0,False,31120.0,37580.0,60510.0,76560.0,2024
41-1012,First-Line Supervisors of Non-Retail Sales Workers,219010,1.1,0.6,97870.0,False,84130.0,False,48880.0,62730.0,118190.0,162120.0,2024
41-2011,Cashiers,3148030,0.6,0.2,31810.0,False,31190.0,False,23070.0,27780.0,35410.0,38220.0,2024
41-2012,Gambling Change Persons and Booth Cashiers,21930,2.0,0.8,36820.0,False,34810.0,False,22810.0,28870.0,39350.0,49190.0,2024
41-2021,Counter and Rental Clerks,398620,1.5,0.5,43700.0,False,38540.0,False,28580.0,34200.0,48290.0,62030.0,2024
41-2022,Parts Salespersons,265060,1.0,0.4,42390.0,False,37440.0,False,27770.0,30630.0,48410.0,61750.0,2024
41-2031,Retail Salespersons,3800250,0.3,0.2,37150.0,False,34580.0,False,25600.0,29140.0,37850.0,47930.0,2024
41-3011,Advertising Sales Agents,97470,2.1,1.6,76350.0,False,61460.0,False,33480.0,44980.0,91430.0,133540.0,2024
41-3021,Insurance Sales Agents,469480,1.1,1.3,81510.0,False,60370.0,False,36390.0,45520.0,91150.0,135660.0,2024
41-3031,"Securities, Commodities, and Financial Services Sales Agents",472300,1.2,1.1,110400.0,False,78140.0,False,47080.0,51600.0,129480.0,215210.0,2024
41-3041,Travel Agents,59150,4.4,1.3,52690.0,False,48450.0,False,33280.0,38760.0,60880.0,74160.0,2024
41-3091,"Sales Representatives of Services, Except Advertising, Insurance, Financial Services, and Travel",1189330,0.7,0.5,81260.0,False,66260.0,False,36930.0,47120.0,98780.0,142040.0,2024
41-4011,"Sales Representatives, Wholesale and Manufacturing, Technical and Scientific Products",293930,2.0,0.9,114520.0,False,100070.0,False,48840.0,65640.0,146150.0,194890.0,2024
41-4012,"Sales Representatives, Wholesale and Manufacturing, Except Technical and Scientific Products",1266860,0.6,0.5,81470.0,False,66780.0,False,37860.0,49040.0,97570.0,134470.0,2024
41-9011,Demonstrators and Product Promoters,64770,5.4,2.0,43730.0,False,37960.0,False,30910.0,33860.0,50100.0,60320.0,2024
41-9012,Models,5350,11.8,6.3,81540.0,False,89990.0,False,38010.0,45760.0,89990.0,124380.0,2024
41-9021,Real Estate Brokers,49590,13.6,3.0,91660.0,False,72280.0,False,36920.0,48200.0,114220.0,166730.0,2024
41-9022,Real Estate Sales Agents,190600,2.3,1.6,70970.0,False,56320.0,False,31940.0,38940.0,85440.0,125140.0,2024
41-9031,Sales Engineers,56690,3.3,1.3,130410.0,False,121520.0,False,70580.0,90690.0,159200.0,202670.0,2024
41-9041,Telemarketers,66430,4.4,1.3,36340.0,False,34410.0,False,24620.0,29120.0,38640.0,48930.0,2024
41-9091,"Door-to-Door Sales Workers, News and Street Vendors, and Related Workers",4590,11.2,4.5,39890.0,False,34530.0,False,23440.0,31200.0,42970.0,55970.0,2024
41-9099,"Sales and Related Workers, All Other",99070,3.5,2.1,57030.0,False,46370.0,False,28060.0,35040.0,66240.0,95850.0,2024
43-1011,First-Line Supervisors of Office and Administrative Support Workers,1495580,0.4,0.2,71560.0,False,66140.0,False,43920.0,53190.0,82340.0,102980.0,2024
43-2011,"Switchboard Operators, Including Answering Service",35730,2.6,0.6,42130.0,False,38370.0,False,29820.0,34250.0,46330.0,60940.0,2024
43-2021,Telephone Operators,3950,6.6,1.1,42880.0,False,39130.0,False,31440.0,35860.0,48530.0,57510.0,2024
43-2099,"Communications Equipment Operators, All Other",1390,9.9,2.1,55890.0,False,49910.0,False,35980.0,44620.0,64310.0,89110.0,2024
43-3011,Bill and Account Collectors,165020,1.6,0.5,48370.0,False,46040.0,False,33960.0,38290.0,54990.0,65830.0,2024
43-3021,Billing and Posting Clerks,417500,1.1,0.3,49490.0,False,47170.0,False,35760.0,40260.0,56350.0,64990.0,2024
43-3031,"Bookkeeping, Accounting, and Auditing Clerks",1455770,0.5,0.2,52020.0,False,49210.0,False,34600.0,41390.0,60220.0,72660.0,2024
43-3041,Gambling Cage Workers,13490,1.1,0.3,38600.0,False,36990.0,False,27940.0,31870.0,43840.0,49350.0,2024
43-3051,Payroll and Timekeeping Clerks,156950,1.4,0.3,56870.0,False,55290.0,False,36670.0,45440.0,65750.0,78830.0,2024
43-3061,Procurement Clerks,59900,1.3,0.3,50430.0,False,48510.0,False,36810.0,41240.0,57680.0,65890.0,2024
43-3071,Tellers,339340,1.3,0.3,40940.0,False,39340.0,False,31270.0,36420.0,45550.0,48270.0,2024
43-3099,"Financial Clerks, All Other",37030,3.0,0.6,55330.0,False,52150.0,False,38770.0,46350.0,61190.0,75860.0,2024
43-4011,Brokerage Clerks,40090,4.0,0.9,67680.0,False,62940.0,False,47730.0,53880.0,77400.0,91650.0,2024
43-4021,Correspondence Clerks,6260,9.0,2.6,46610.0,False,46740.0,False,33530.0,38510.0,52480.0,62200.0,2024
43-4031,"Court, Municipal, and License Clerks",170010,0.8,0.2,51200.0,False,47700.0,False,34860.0,39730.0,59590.0,72370.0,2024
43-4041,"Credit Authorizers, Checkers, and Clerks",11960,4.3,1.2,51270.0,False,49130.0,False,34590.0,40850.0,59530.0,71730.0,2024
43-4051,Customer Service Representatives,2725930,0.4,0.2,45380.0,False,42830.0,False,30690.0,35970.0,50140.0,62730.0,2024
43-4061,"Eligibility Interviewers, Government Programs",156260,1.1,0.3,53970.0,False,51500.0,False,37690.0,43850.0,61680.0,72280.0,2024
43-4071,File Clerks,78980,2.8,0.5,43700.0,False,41270.0,False,29620.0,35120.0,50020.0,61080.0,2024
43-4081,"Hotel, Motel, and Resort Desk Clerks",261430,0.9,0.3,34740.0,False,34270.0,False,26600.0,29210.0,37430.0,44720.0,2024
43-4111,"Interviewers, Except Eligibility and Loan",157310,1.5,0.5,45400.0,False,43830.0,False,31980.0,37380.0,50440.0,60960.0,2024
43-4121,"Library Assistants, Clerical",80070,1.8,0.4,37910.0,False,36010.0,False,25090.0,30190.0,44200.0,52790.0,2024
43-4131,Loan Interviewers and Clerks,173100,4.1,1.1,51050.0,False,48950.0,False,36360.0,42720.0,59520.0,65910.0,2024
43-4141,New Accounts Clerks,38030,3.5,0.6,47610.0,False,46610.0,False,36980.0,40050.0,51510.0,60110.0,2024
43-4151,Order Clerks,83420,3.6,0.5,46270.0,False,44660.0,False,33530.0,38110.0,51890.0,61680.0,2024
43-4161,"Human Resources Assistants, Except Payroll and Timekeeping",92580,1.1,0.3,50950.0,False,49440.0,False,36090.0,42360.0,58560.0,67140.0,2024
43-4171,Receptionists and Information Clerks,964530,0.8,0.2,38480.0,False,37230.0,False,28280.0,32660.0,44070.0,48870.0,2024
43-4181,Reservation and Transportation Ticket Agents and Travel Clerks,127440,1.3,0.4,47720.0,False,41460.0,False,34550.0,37200.0,54930.0,75050.0,2024
43-4199,"Information and Record Clerks, All Other",143910,0.9,0.3,50200.0,False,48360.0,False,34170.0,39610.0,58680.0,68850.0,2024
43-5011,Cargo and Freight Agents,97800,2.2,1.0,55420.0,False,49900.0,False,37240.0,43490.0,62230.0,76350.0,2024
43-5021,Couriers and Messengers,71920,2.9,0.4,40060.0,False,38340.0,False,29880.0,35130.0,44630.0,50590.0,2024
43-5031,Public Safety Telecommunicators,101140,1.4,0.5,54800.0,False,50730.0,False,35640.0,42140.0,62840.0,78110.0,2024
43-5032,"Dispatchers, Except Police, Fire, and Ambulance",211000,1.9,0.4,53150.0,False,48880.0,False,34600.0,40240.0,61520.0,76130.0,2024
43-5041,"Meter Readers, Utilities",19620,3.6,0.9,55810.0,False,49180.0,False,33980.0,39620.0,68030.0,86480.0,2024
43-5051,Postal Service Clerks,78060,0.0,0.0,61070.0,False,61630.0,False,42600.0,55410.0,74050.0,74050.0,2024
43-5052,Postal Service Mail Carriers,336040,0.0,0.0,59880.0,False,57490.0,False,42390.0,46030.0,75300.0,76880.0,2024
43-5053,"Postal Service Mail Sorters, Processors, and Processing Machine Operators",111930,0.0,0.0,58310.0,False,56530.0,False,42600.0,47380.0,72970.0,74050.0,2024
43-5061,"Production, Planning, and Expediting Clerks",385000,0.9,0.2,60420.0,False,57770.0,False,38570.0,46600.0,71480.0,84810.0,2024
43-5071,"Shipping, Receiving, and Inventory Clerks",857630,0.6,0.2,44890.0,False,43190.0,False,32900.0,37040.0,49390.0,60300.0,2024
43-5111,"Weighers, Measurers, Checkers, and Samplers, Recordkeeping",49720,1.8,0.4,46660.0,False,45650.0,False,34580.0,38650.0,53060.0,60120.0,2024
43-6011,Executive Secretaries and Executive Administrative Assistants,472770,1.1,0.3,77060.0,False,74260.0,False,48300.0,60000.0,90440.0,107710.0,2024
43-6012,Legal Secretaries and Administrative Assistants,154540,3.0,2.6,60320.0,False,54140.0,False,35530.0,42720.0,72090.0,87660.0,2024
43-6013,Medical Secretaries and Administrative Assistants,830760,0.7,0.2,45580.0,False,44640.0,False,35050.0,37880.0,49720.0,60050.0,2024
43-6014,"Secretaries and Administrative Assistants, Except Legal, Medical, and Executive",1737820,1.0,0.2,47640.0,False,46290.0,False,31600.0,37770.0,55650.0,64150.0,2024
43-9021,Data Entry Keyers,135280,2.0,0.5,42070.0,False,39850.0,False,30100.0,34900.0,47260.0,56930.0,2024
43-9022,Word Processors and Typists,36030,2.8,0.9,49730.0,False,47850.0,False,35300.0,39740.0,56000.0,64370.0,2024
43-9031,Desktop Publishers,4000,7.5,2.1,60250.0,False,53620.0,False,34650.0,42680.0,71990.0,92880.0,2024
43-9041,Insurance Claims and Policy Processing Clerks,229070,1.5,0.4,51980.0,False,48450.0,False,36900.0,41600.0,59500.0,73100.0,2024
43-9051,"Mail Clerks and Mail Machine Operators, Except Postal Service",62730,2.5,0.5,40200.0,False,38150.0,False,29460.0,34440.0,44940.0,52150.0,2024
43-9061,"Office Clerks, General",2510550,0.4,0.1,45470.0,False,43630.0,False,29120.0,35350.0,52560.0,63840.0,2024
43-9071,"Office Machine Operators, Except Computer",24740,5.1,1.1,41620.0,False,39020.0,False,29850.0,34420.0,46680.0,56340.0,2024
43-9081,Proofreaders and Copy Markers,5160,9.3,1.7,52730.0,False,49210.0,False,33530.0,38590.0,62380.0,78040.0,2024
43-9111,Statistical Assistants,5900,5.7,1.4,55470.0,False,51440.0,False,38050.0,45970.0,63620.0,79410.0,2024
43-9199,"Office and Administrative Support Workers, All Other",195890,1.5,0.3,48700.0,False,46040.0,False,30480.0,35390.0,57500.0,71840.0,2024
45-1011,"First-Line Supervisors of Farming, Fishing, and Forestry Workers",29530,2.4,0.9,63360.0,False,59330.0,False,39610.0,47660.0,76640.0,90840.0,2024
45-2011,Agricultural Inspectors,12090,2.6,0.6,55650.0,False,50990.0,False,37440.0,42740.0,64960.0,80240.0,2024
45-2021,Animal Breeders,1730,17.4,5.4,56150.0,False,52000.0,False,37130.0,43310.0,59630.0,89970.0,2024
45-2041,"Graders and Sorters, Agricultural Products",26870,4.0,0.7,36080.0,False,35430.0,False,30490.0,33550.0,38010.0,43280.0,2024
45-2091,Agricultural Equipment Operators,30940,3.3,0.8,43920.0,False,42580.0,False,31240.0,36640.0,48690.0,57790.0,2024
45-2092,"Farmworkers and Laborers, Crop, Nursery, and Greenhouse",261690,1.1,0.5,37850.0,False,35690.0,False,32260.0,34280.0,38950.0,46370.0,2024
45-2093,"Farmworkers, Farm, Ranch, and Aquacultural Animals",35420,3.0,0.9,38580.0,False,36150.0,False,27110.0,31220.0,44280.0,51840.0,2024
45-2099,"Agricultural Workers, All Other",4980,7.7,2.3,45780.0,False,40390.0,False,27860.0,33870.0,52730.0,76730.0,2024
45-4011,Forest and Conservation Workers,5630,4.2,1.0,42830.0,False,43680.0,False,33050.0,36400.0,45200.0,54190.0,2024
45-4021,Fallers,4110,9.3,2.7,59120.0,False,53900.0,False,35620.0,43670.0,65040.0,84510.0,2024
45-4022,Logging Equipment Operators,22520,2.3,0.9,52020.0,False,49210.0,False,35050.0,43750.0,60640.0,72280.0,2024
45-4023,Log Graders and Scalers,3310,5.8,1.3,48130.0,False,46710.0,False,35050.0,38390.0,56200.0,63370.0,2024
45-4029,"Logging Workers, All Other",2160,7.5,1.7,53820.0,False,52000.0,False,37260.0,42010.0,62000.0,72070.0,2024
47-1011,First-Line Supervisors of Construction Trades and Extraction Workers,806080,0.6,0.4,84500.0,False,78690.0,False,51290.0,62400.0,100200.0,126690.0,2024
47-2011,Boilermakers,10170,5.8,1.6,76900.0,False,73340.0,False,48390.0,62230.0,93520.0,107600.0,2024
47-2021,Brickmasons and Blockmasons,53520,3.1,1.0,65390.0,False,60800.0,False,41330.0,49430.0,77290.0,95560.0,2024
47-2022,Stonemasons,8750,6.7,2.0,57220.0,False,51990.0,False,37420.0,44820.0,64120.0,83200.0,2024
47-2031,Carpenters,697740,1.2,0.5,64040.0,False,59310.0,False,38760.0,47550.0,75620.0,98370.0,2024
47-2041,Carpet Installers,14980,6.2,2.1,55860.0,False,49850.0,False,32830.0,39140.0,65530.0,83200.0,2024
47-2042,"Floor Layers, Except Carpet, Wood, and Hard Tiles",24850,5.2,1.7,60550.0,False,54340.0,False,37190.0,44760.0,72390.0,97180.0,2024
47-2043,Floor Sanders and Finishers,4140,12.1,2.3,50880.0,False,49150.0,False,35790.0,41320.0,58230.0,66510.0,2024
47-2044,Tile and Stone Setters,38740,4.1,1.5,57590.0,False,52240.0,False,36140.0,44540.0,64980.0,82960.0,2024
47-2051,Cement Masons and Concrete Finishers,205230,1.6,0.6,59360.0,False,54660.0,False,38290.0,46020.0,65840.0,87620.0,2024
47-2053,Terrazzo Workers and Finishers,1450,20.1,6.5,62330.0,False,57260.0,False,39360.0,46940.0,73490.0,104510.0,2024
47-2061,Construction Laborers,1057660,0.7,0.4,51260.0,False,46730.0,False,34200.0,38100.0,58910.0,77530.0,2024
47-2071,"Paving, Surfacing, and Tamping Equipment Operators",45680,3.4,1.3,58660.0,False,51650.0,False,38030.0,44740.0,66060.0,90110.0,2024
47-2072,Pile Driver Operators,3040,9.9,3.1,79000.0,False,70510.0,False,46690.0,54750.0,103960.0,121990.0,2024
47-2073,Operating Engineers and Other Construction Equipment Operators,469270,0.8,0.4,65180.0,False,58710.0,False,40080.0,47780.0,75750.0,100690.0,2024
47-2081,Drywall and Ceiling Tile Installers,82900,2.2,1.0,62810.0,False,58140.0,False,37810.0,46880.0,72660.0,101380.0,2024
47-2082,Tapers,12500,7.6,2.0,70390.0,False,64700.0,False,43450.0,50780.0,82990.0,106160.0,2024
47-2111,Electricians,742580,0.7,0.5,69630.0,False,62350.0,False,39430.0,48820.0,81730.0,106030.0,2024
47-2121,Glaziers,57000,3.1,1.8,60260.0,False,55440.0,False,37710.0,45530.0,68300.0,98780.0,2024
47-2131,"Insulation Workers, Floor, Ceiling, and Wall",38610,3.5,1.5,53440.0,False,48680.0,False,35950.0,40270.0,60420.0,77160.0,2024
47-2132,"Insulation Workers, Mechanical",25640,5.4,2.2,63540.0,False,57250.0,False,39450.0,47480.0,75300.0,94110.0,2024
47-2141,"Painters, Construction and Maintenance",224180,1.6,0.7,53710.0,False,48660.0,False,36680.0,42510.0,60270.0,76550.0,2024
47-2142,Paperhangers,1520,13.7,3.9,51900.0,False,48260.0,False,35020.0,40930.0,58470.0,69470.0,2024
47-2151,Pipelayers,33580,3.9,1.3,54270.0,False,48710.0,False,36840.0,42320.0,60980.0,80710.0,2024
47-2152,"Plumbers, Pipefitters, and Steamfitters",455940,1.2,0.6,69940.0,False,62970.0,False,40670.0,48860.0,81900.0,105150.0,2024
47-2161,Plasterers and Stucco Masons,20880,5.2,1.6,61000.0,False,56020.0,False,38610.0,46990.0,72210.0,92930.0,2024
47-2171,Reinforcing Iron and Rebar Workers,14140,8.0,2.5,62640.0,False,59280.0,False,39470.0,47300.0,74190.0,95530.0,2024
47-2181,Roofers,136740,1.4,0.8,57090.0,False,50970.0,False,37060.0,45300.0,64010.0,80780.0,2024
47-2211,Sheet Metal Workers,117470,2.0,0.8,66110.0,False,60850.0,False,38030.0,47290.0,79620.0,102680.0,2024
47-2221,Structural Iron and Steel Workers,64720,3.0,1.2,69270.0,False,62700.0,False,42000.0,49090.0,82780.0,107520.0,2024
47-2231,Solar Photovoltaic Installers,28280,5.2,1.6,57380.0,False,51860.0,False,39070.0,46040.0,63020.0,80150.0,2024
47-3011,"Helpers--Brickmasons, Blockmasons, Stonemasons, and Tile and Marble Setters",15660,6.3,1.5,49730.0,False,46480.0,False,35570.0,38600.0,58080.0,68330.0,2024
47-3012,Helpers--Carpenters,24610,7.7,1.9,42080.0,False,41600.0,False,31540.0,35870.0,46780.0,52380.0,2024
47-3013,Helpers--Electricians,64440,3.0,0.9,42900.0,False,39890.0,False,31200.0,36400.0,47520.0,56770.0,2024
47-3014,"Helpers--Painters, Paperhangers, Plasterers, and Stucco Masons",7220,8.0,2.2,40880.0,False,38140.0,False,31360.0,35230.0,45290.0,51720.0,2024
47-3015,"Helpers--Pipelayers, Plumbers, Pipefitters, and Steamfitters",43640,4.0,0.9,41720.0,False,39270.0,False,31050.0,35750.0,46550.0,54860.0,2024
47-3016,Helpers--Roofers,5170,10.1,3.1,42070.0,False,40590.0,False,27780.0,34800.0,47570.0,55310.0,2024
47-3019,"Helpers, Construction Trades, All Other",25510,4.0,1.2,44040.0,False,40760.0,False,31200.0,36400.0,48500.0,59280.0,2024
47-4011,Construction and Building Inspectors,137210,2.0,0.8,76430.0,False,72120.0,False,46560.0,57300.0,92330.0,112320.0,2024
47-4021,Elevator and Escalator Installers and Repairers,23340,6.1,1.7,104860.0,False,106580.0,False,54720.0,76700.0,131740.0,149250.0,2024
47-4031,Fence Erectors,22640,6.5,1.6,50550.0,False,46940.0,False,35090.0,39040.0,57070.0,74660.0,2024
47-4041,Hazardous Materials Removal Workers,50570,2.6,1.2,55740.0,False,48490.0,False,37330.0,42710.0,62150.0,82480.0,2024
47-4051,Highway Maintenance Workers,151750,1.1,0.4,51410.0,False,49070.0,False,35030.0,41540.0,59600.0,69210.0,2024
47-4061,Rail-Track Laying and Maintenance Equipment Operators,16480,1.6,0.5,68270.0,False,67370.0,False,45720.0,51630.0,79330.0,84840.0,2024
47-4071,Septic Tank Servicers and Sewer Pipe Cleaners,29050,2.7,0.7,52730.0,False,49140.0,False,36500.0,42700.0,60320.0,73670.0,2024
47-4090,Miscellaneous Construction and Related Workers,33530,4.8,1.9,52910.0,False,48120.0,False,35160.0,39990.0,60960.0,77540.0,2024
47-5011,"Derrick Operators, Oil and Gas",11040,6.2,1.6,62490.0,False,62740.0,False,42930.0,49440.0,72820.0,84620.0,2024
47-5012,"Rotary Drill Operators, Oil and Gas",13090,8.4,2.0,70080.0,False,65010.0,False,42750.0,52600.0,81550.0,98510.0,2024
47-5013,"Service Unit Operators, Oil and Gas",44120,3.6,1.1,61530.0,False,57980.0,False,40010.0,47330.0,70510.0,93820.0,2024
47-5022,"Excavating and Loading Machine and Dragline Operators, Surface Mining",34210,2.8,1.2,57860.0,False,52550.0,False,39650.0,46290.0,63630.0,80970.0,2024
47-5023,"Earth Drillers, Except Oil and Gas",17410,4.1,0.9,63260.0,False,59600.0,False,44450.0,49720.0,73530.0,87760.0,2024
47-5032,"Explosives Workers, Ordnance Handling Experts, and Blasters",5680,11.3,3.1,66840.0,False,59110.0,False,45160.0,49860.0,80050.0,104210.0,2024
47-5041,Continuous Mining Machine Operators,14340,3.6,1.1,63920.0,False,63380.0,False,41450.0,50850.0,76850.0,84420.0,2024
47-5043,"Roof Bolters, Mining",2230,5.3,0.9,74760.0,False,76640.0,False,50880.0,67110.0,80230.0,87420.0,2024
47-5044,"Loading and Moving Machine Operators, Underground Mining",6130,4.9,1.1,68470.0,False,68860.0,False,48310.0,59130.0,76820.0,82900.0,2024
47-5049,"Underground Mining Machine Operators, All Other",3480,14.5,3.8,67830.0,False,67220.0,False,46930.0,50660.0,80440.0,82750.0,2024
47-5051,"Rock Splitters, Quarry",3080,8.3,1.8,50540.0,False,47460.0,False,37240.0,39990.0,58290.0,68380.0,2024
47-5071,"Roustabouts, Oil and Gas",45330,4.6,1.2,49060.0,False,47510.0,False,35650.0,38330.0,57170.0,64010.0,2024
47-5081,Helpers--Extraction Workers,6720,5.6,1.2,50330.0,False,48400.0,False,35770.0,39980.0,57560.0,68240.0,2024
47-5099,"Extraction Workers, All Other",6070,8.5,2.3,54780.0,False,50110.0,False,35720.0,39120.0,65350.0,80780.0,2024
49-1011,"First-Line Supervisors of Mechanics, Installers, and Repairers",600680,0.5,0.3,82930.0,False,78300.0,False,48460.0,61240.0,99630.0,124280.0,2024
49-2011,"Computer, Automated Teller, and Office Machine Repairers",73010,2.6,0.7,49820.0,False,46860.0,False,35120.0,38290.0,59420.0,69560.0,2024
49-2021,"Radio, Cellular, and Tower Equipment Installers and Repairers",11400,6.6,1.7,69180.0,False,64190.0,False,42360.0,50610.0,84770.0,102550.0,2024
49-2022,"Telecommunications Equipment Installers and Repairers, Except Line Installers",153890,2.0,0.5,66650.0,False,62630.0,False,42440.0,50580.0,80040.0,94970.0,2024
49-2091,Avionics Technicians,20900,3.0,0.7,82350.0,False,81390.0,False,49770.0,65170.0,98990.0,113580.0,2024
49-2092,"Electric Motor, Power Tool, and Related Repairers",16570,6.2,1.3,56820.0,False,53990.0,False,36310.0,44480.0,66180.0,79230.0,2024
49-2093,"Electrical and Electronics Installers and Repairers, Transportation Equipment",7310,5.3,2.1,80980.0,False,82730.0,False,49490.0,65750.0,95730.0,106110.0,2024
49-2094,"Electrical and Electronics Repairers, Commercial and Industrial Equipment",59990,2.4,0.7,72950.0,False,71300.0,False,44980.0,56750.0,85160.0,103060.0,2024
49-2095,"Electrical and Electronics Repairers, Powerhouse, Substation, and Relay",23040,2.4,0.7,97460.0,False,100940.0,False,60820.0,79930.0,114740.0,127970.0,2024
49-2096,"Electronic Equipment Installers and Repairers, Motor Vehicles",10140,6.7,2.5,50240.0,False,47940.0,False,31680.0,39970.0,58900.0,70480.0,2024
49-2097,Audiovisual Equipment Installers and Repairers,22170,5.7,2.2,55740.0,False,50620.0,False,36310.0,43330.0,63250.0,82150.0,2024
49-2098,Security and Fire Alarm Systems Installers,81510,2.3,0.8,60040.0,False,59300.0,False,38410.0,47330.0,71340.0,81980.0,2024
49-3011,Aircraft Mechanics and Service Technicians,136390,1.2,0.8,80780.0,False,78680.0,False,47790.0,61920.0,95050.0,120080.0,2024
49-3021,Automotive Body and Related Repairers,155220,1.5,0.7,58830.0,False,51680.0,False,36390.0,45000.0,64780.0,87040.0,2024
49-3022,Automotive Glass Installers and Repairers,18940,4.5,0.9,49580.0,False,47260.0,False,35080.0,39990.0,58160.0,67480.0,2024
49-3023,Automotive Service Technicians and Mechanics,688840,0.6,0.3,55260.0,False,49670.0,False,33660.0,38140.0,65660.0,80850.0,2024
49-3031,Bus and Truck Mechanics and Diesel Engine Specialists,287230,1.0,0.3,62480.0,False,60640.0,False,41670.0,49240.0,73690.0,85980.0,2024
49-3041,Farm Equipment Mechanics and Service Technicians,36880,2.0,0.6,55290.0,False,52080.0,False,36920.0,45660.0,63070.0,76860.0,2024
49-3042,"Mobile Heavy Equipment Mechanics, Except Engines",180270,1.6,0.9,67580.0,False,63980.0,False,45450.0,53500.0,78090.0,92360.0,2024
49-3043,Rail Car Repairers,18300,2.1,0.5,67610.0,False,65680.0,False,45670.0,51640.0,80150.0,92000.0,2024
49-3051,Motorboat Mechanics and Service Technicians,24250,3.1,1.3,56450.0,False,54950.0,False,35950.0,45070.0,65120.0,78820.0,2024
49-3052,Motorcycle Mechanics,14010,3.6,0.7,49650.0,False,47200.0,False,31770.0,38270.0,58880.0,70210.0,2024
49-3053,Outdoor Power Equipment and Other Small Engine Mechanics,34240,2.2,0.6,48200.0,False,46560.0,False,33600.0,38260.0,56080.0,64540.0,2024
49-3091,Bicycle Repairers,12590,5.1,0.8,41550.0,False,40360.0,False,30640.0,35880.0,47560.0,52130.0,2024
49-3092,Recreational Vehicle Service Technicians,18710,4.3,1.2,55380.0,False,50540.0,False,35480.0,43370.0,63300.0,76650.0,2024
49-3093,Tire Repairers and Changers,106620,1.4,0.4,39140.0,False,37120.0,False,29880.0,33990.0,43810.0,48900.0,2024
49-9011,Mechanical Door Repairers,27970,6.0,1.1,54110.0,False,51050.0,False,37160.0,44720.0,61350.0,73160.0,2024
49-9012,"Control and Valve Installers and Repairers, Except Mechanical Door",46920,2.6,0.7,75970.0,False,74690.0,False,43840.0,53060.0,97400.0,109050.0,2024
49-9021,"Heating, Air Conditioning, and Refrigeration Mechanics and Installers",396870,1.2,0.5,62690.0,False,59810.0,False,39130.0,47850.0,74820.0,91020.0,2024
49-9031,Home Appliance Repairers,31940,4.5,1.5,53580.0,False,49410.0,False,33280.0,40280.0,61750.0,77800.0,2024
49-9041,Industrial Machinery Mechanics,421940,0.8,0.3,67160.0,False,63760.0,False,45090.0,52710.0,78070.0,92730.0,2024
49-9043,"Maintenance Workers, Machinery",56540,1.8,0.5,61820.0,False,60500.0,False,40080.0,48600.0,72260.0,83560.0,2024
49-9044,Millwrights,40660,2.8,1.0,68640.0,False,65170.0,False,45100.0,55420.0,80580.0,93740.0,2024
49-9045,"Refractory Materials Repairers, Except Brickmasons",1100,11.5,4.9,61480.0,False,58540.0,False,37050.0,48380.0,73940.0,81440.0,2024
49-9051,Electrical Power-Line Installers and Repairers,123680,1.7,0.4,90110.0,False,92560.0,False,50020.0,65740.0,107940.0,126610.0,2024
49-9052,Telecommunications Line Installers and Repairers,98360,2.2,0.8,72440.0,False,70500.0,False,42940.0,50620.0,95520.0,104840.0,2024
49-9061,Camera and Photographic Equipment Repairers,2010,20.3,3.4,53420.0,False,49300.0,False,36020.0,42590.0,62400.0,76550.0,2024
49-9062,Medical Equipment Repairers,60830,2.7,0.8,66810.0,False,62630.0,False,39060.0,48100.0,79440.0,99290.0,2024
49-9063,Musical Instrument Repairers and Tuners,5730,5.2,2.0,49020.0,False,45320.0,False,30130.0,35820.0,56960.0,73430.0,2024
49-9064,Watch and Clock Repairers,1300,12.8,3.4,62450.0,False,60690.0,False,39920.0,46530.0,77340.0,92570.0,2024
49-9069,"Precision Instrument and Equipment Repairers, All Other",9680,4.9,1.2,70420.0,False,67080.0,False,44530.0,52090.0,82030.0,100730.0,2024
49-9071,"Maintenance and Repair Workers, General",1531700,0.4,0.2,52430.0,False,48620.0,False,33860.0,39050.0,61710.0,76110.0,2024
49-9081,Wind Turbine Service Technicians,11220,8.7,1.4,67580.0,False,62580.0,False,49110.0,58910.0,75640.0,88090.0,2024
49-9091,"Coin, Vending, and Amusement Machine Servicers and Repairers",28260,3.8,0.9,48530.0,False,47350.0,False,31420.0,38580.0,56290.0,64720.0,2024
49-9092,Commercial Divers,3430,12.6,5.1,78110.0,False,61130.0,False,39130.0,49370.0,93840.0,152580.0,2024
49-9094,Locksmiths and Safe Repairers,15550,2.0,1.0,55200.0,False,50490.0,False,34750.0,40650.0,64330.0,79340.0,2024
49-9095,Manufactured Building and Mobile Home Installers,2610,13.0,2.9,42620.0,False,41080.0,False,30280.0,35290.0,48410.0,57190.0,2024
49-9096,Riggers,24190,4.8,1.6,66600.0,False,62060.0,False,38930.0,47940.0,79340.0,100480.0,2024
49-9097,Signal and Track Switch Repairers,8210,2.8,1.1,84940.0,False,83600.0,False,57410.0,75680.0,95620.0,104860.0,2024
49-9098,"Helpers--Installation, Maintenance, and Repair Workers",97540,2.0,0.5,40750.0,False,38860.0,False,28770.0,33760.0,46600.0,54650.0,2024
49-9099,"Installation, Maintenance, and Repair Workers, All Other",183690,1.7,0.5,53270.0,False,48640.0,False,35270.0,40700.0,61090.0,77150.0,2024
51-1011,First-Line Supervisors of Production and Operating Workers,685140,0.3,0.2,74540.0,False,71190.0,False,45790.0,56330.0,86770.0,106960.0,2024
51-2011,"Aircraft Structure, Surfaces, Rigging, and Systems Assemblers",32890,2.1,0.6,66510.0,False,61680.0,False,46040.0,53180.0,75240.0,94950.0,2024
51-2021,"Coil Winders, Tapers, and Finishers",12170,4.0,1.3,48940.0,False,47260.0,False,35180.0,39380.0,57800.0,62790.0,2024
51-2028,"Electrical, Electronic, and Electromechanical Assemblers, Except Coil Winders, Tapers, and Finishers",261140,1.2,0.4,45930.0,False,44040.0,False,34110.0,37450.0,49830.0,61080.0,2024
51-2031,Engine and Other Machine Assemblers,38420,1.6,0.5,56040.0,False,52540.0,False,37950.0,42790.0,70050.0,74300.0,2024
51-2041,Structural Metal Fabricators and Fitters,53380,2.8,0.7,52740.0,False,49900.0,False,37370.0,44290.0,59810.0,70510.0,2024
51-2051,Fiberglass Laminators and Fabricators,18520,3.3,0.8,47320.0,False,45760.0,False,35950.0,39230.0,51530.0,61370.0,2024
51-2061,Timing Device Assemblers and Adjusters,230,38.4,15.1,42410.0,False,40790.0,False,26240.0,27850.0,58440.0,65580.0,2024
51-2090,Miscellaneous Assemblers and Fabricators,1457800,0.5,0.2,44860.0,False,42210.0,False,31650.0,36660.0,49410.0,62030.0,2024
51-3011,Bakers,231890,2.2,0.5,37670.0,False,36650.0,False,27560.0,31470.0,42570.0,48260.0,2024
51-3021,Butchers and Meat Cutters,140040,1.7,0.4,41300.0,False,38960.0,False,28850.0,34460.0,47200.0,57130.0,2024
51-3022,"Meat, Poultry, and Fish Cutters and Trimmers",141090,1.2,0.3,38640.0,False,37700.0,False,29200.0,34050.0,43450.0,48680.0,2024
51-3023,Slaughterers and Meat Packers,67500,1.7,0.4,40710.0,False,39790.0,False,31470.0,35940.0,45930.0,49460.0,2024
51-3091,"Food and Tobacco Roasting, Baking, and Drying Machine Operators and Tenders",19500,3.6,0.9,44140.0,False,42730.0,False,32390.0,36610.0,48680.0,60070.0,2024
51-3092,Food Batchmakers,171660,1.6,0.6,42830.0,False,40790.0,False,30850.0,35340.0,49010.0,57800.0,2024
51-3093,Food Cooking Machine Operators and Tenders,27660,3.8,0.8,41930.0,False,40550.0,False,30540.0,35310.0,47420.0,54170.0,2024
51-3099,"Food Processing Workers, All Other",57920,2.3,0.4,39260.0,False,38420.0,False,30290.0,35360.0,43020.0,47470.0,2024
51-4021,"Extruding and Drawing Machine Setters, Operators, and Tenders, Metal and Plastic",65700,2.1,0.5,48170.0,False,46980.0,False,35390.0,39370.0,54360.0,62470.0,2024
51-4022,"Forging Machine Setters, Operators, and Tenders, Metal and Plastic",8760,5.6,0.8,50900.0,False,49240.0,False,35150.0,41350.0,59270.0,69540.0,2024
51-4023,"Rolling Machine Setters, Operators, and Tenders, Metal and Plastic",22350,3.1,0.7,50940.0,False,48630.0,False,37090.0,41600.0,57730.0,67500.0,2024
51-4031,"Cutting, Punching, and Press Machine Setters, Operators, and Tenders, Metal and Plastic",174430,1.2,0.3,47060.0,False,45590.0,False,35000.0,38400.0,52150.0,62650.0,2024
51-4032,"Drilling and Boring Machine Tool Setters, Operators, and Tenders, Metal and Plastic",5310,4.9,1.2,50330.0,False,46630.0,False,35360.0,41100.0,56820.0,65200.0,2024
51-4033,"Grinding, Lapping, Polishing, and Buffing Machine Tool Setters, Operators, and Tenders, Metal and Plastic",70110,1.5,0.3,46600.0,False,45190.0,False,34980.0,38420.0,51380.0,61550.0,2024
51-4034,"Lathe and Turning Machine Tool Setters, Operators, and Tenders, Metal and Plastic",18970,3.4,0.7,50190.0,False,48620.0,False,36200.0,41180.0,58100.0,65450.0,2024
51-4035,"Milling and Planing Machine Setters, Operators, and Tenders, Metal and Plastic",13810,4.8,1.1,52940.0,False,48310.0,False,36810.0,41650.0,61290.0,75000.0,2024
51-4041,Machinists,298790,1.0,0.3,57390.0,False,56150.0,False,38100.0,46250.0,64910.0,78760.0,2024
51-4051,Metal-Refining Furnace Operators and Tenders,20330,2.4,0.6,57290.0,False,55770.0,False,38760.0,46550.0,65070.0,80280.0,2024
51-4052,"Pourers and Casters, Metal",5830,4.6,0.7,51320.0,False,48940.0,False,37250.0,41410.0,59850.0,68030.0,2024
51-4061,"Model Makers, Metal and Plastic",3230,7.8,1.5,65840.0,False,62700.0,False,38430.0,48860.0,79470.0,95780.0,2024
51-4062,"Patternmakers, Metal and Plastic",1570,8.8,2.0,57930.0,False,54540.0,False,39150.0,47520.0,66590.0,79690.0,2024
51-4071,Foundry Mold and Coremakers,12720,3.8,0.6,46910.0,False,45700.0,False,36220.0,39370.0,51360.0,61390.0,2024
51-4072,"Molding, Coremaking, and Casting Machine Setters, Operators, and Tenders, Metal and Plastic",154820,1.5,0.4,44130.0,False,41230.0,False,31990.0,36290.0,49100.0,60110.0,2024
51-4081,"Multiple Machine Tool Setters, Operators, and Tenders, Metal and Plastic",129850,1.9,0.5,48590.0,False,46060.0,False,34130.0,38320.0,56220.0,72850.0,2024
51-4111,Tool and Die Makers,55130,1.4,0.4,65100.0,False,63180.0,False,44200.0,51200.0,77430.0,87660.0,2024
51-4121,"Welders, Cutters, Solderers, and Brazers",424040,0.7,0.3,55100.0,False,51000.0,False,38130.0,45580.0,61610.0,75850.0,2024
51-4122,"Welding, Soldering, and Brazing Machine Setters, Operators, and Tenders",36290,2.6,0.5,49270.0,False,47060.0,False,35780.0,39480.0,55870.0,66190.0,2024
51-4191,"Heat Treating Equipment Setters, Operators, and Tenders, Metal and Plastic",14590,3.1,0.7,49030.0,False,47450.0,False,35260.0,39900.0,56330.0,64290.0,2024
51-4192,"Layout Workers, Metal and Plastic",5610,4.9,1.9,65770.0,False,61870.0,False,40430.0,51810.0,76980.0,93230.0,2024
51-4193,"Plating Machine Setters, Operators, and Tenders, Metal and Plastic",31510,2.7,0.7,43820.0,False,41600.0,False,31940.0,36620.0,48990.0,58320.0,2024
51-4194,"Tool Grinders, Filers, and Sharpeners",5730,4.8,1.1,51790.0,False,48970.0,False,33770.0,39520.0,60210.0,74120.0,2024
51-4199,"Metal Workers and Plastic Workers, All Other",20270,4.6,1.1,45850.0,False,42750.0,False,33850.0,36890.0,49930.0,62800.0,2024
51-5111,Prepress Technicians and Workers,23070,2.6,0.7,49130.0,False,47300.0,False,34270.0,39000.0,57530.0,65530.0,2024
51-5112,Printing Press Operators,145110,1.3,0.4,46620.0,False,45160.0,False,31450.0,36970.0,54340.0,63060.0,2024
51-5113,Print Binding and Finishing Workers,36470,2.5,0.5,43040.0,False,39820.0,False,31110.0,36070.0,48240.0,57980.0,2024
51-6011,Laundry and Dry-Cleaning Workers,195360,1.9,0.4,33990.0,False,33800.0,False,26270.0,29530.0,36760.0,42370.0,2024
51-6021,"Pressers, Textile, Garment, and Related Materials",26830,3.6,0.7,33370.0,False,33880.0,False,24960.0,29060.0,36830.0,41410.0,2024
51-6031,Sewing Machine Operators,109590,1.9,0.4,36680.0,False,36000.0,False,26860.0,31200.0,40810.0,47060.0,2024
51-6041,Shoe and Leather Workers and Repairers,7640,5.9,1.2,36280.0,False,35950.0,False,25170.0,29400.0,41400.0,48090.0,2024
51-6042,Shoe Machine Operators and Tenders,3270,8.7,2.0,37230.0,False,38160.0,False,24160.0,30450.0,43390.0,47860.0,2024
51-6051,"Sewers, Hand",2240,11.8,1.9,34810.0,False,33760.0,False,25530.0,29210.0,38180.0,46320.0,2024
51-6052,"Tailors, Dressmakers, and Custom Sewers",16290,5.7,1.7,44050.0,False,40860.0,False,27110.0,33480.0,49780.0,62490.0,2024
51-6061,Textile Bleaching and Dyeing Machine Operators and Tenders,5820,8.3,1.7,39000.0,False,37320.0,False,28990.0,32350.0,43230.0,47660.0,2024
51-6062,"Textile Cutting Machine Setters, Operators, and Tenders",8960,3.4,0.7,38500.0,False,37940.0,False,27230.0,32380.0,43710.0,49080.0,2024
51-6063,"Textile Knitting and Weaving Machine Setters, Operators, and Tenders",14530,2.5,0.6,39470.0,False,38260.0,False,29640.0,34530.0,44180.0,48070.0,2024
51-6064,"Textile Winding, Twisting, and Drawing Out Machine Setters, Operators, and Tenders",20600,2.4,0.6,38440.0,False,37660.0,False,30380.0,35270.0,40970.0,46940.0,2024
51-6091,"Extruding and Forming Machine Setters, Operators, and Tenders, Synthetic and Glass Fibers",14900,4.9,1.1,47420.0,False,44980.0,False,35590.0,38990.0,54690.0,63650.0,2024
51-6092,Fabric and Apparel Patternmakers,2860,8.1,2.6,71630.0,False,67670.0,False,34590.0,44110.0,91080.0,112540.0,2024
51-6093,Upholsterers,20990,2.9,0.9,46960.0,False,46190.0,False,32190.0,37200.0,51740.0,63600.0,2024
51-6099,"Textile, Apparel, and Furnishings Workers, All Other",14450,4.3,1.1,40410.0,False,37010.0,False,30290.0,32850.0,44810.0,53710.0,2024
51-7011,Cabinetmakers and Bench Carpenters,79540,1.7,0.5,47460.0,False,46020.0,False,34700.0,38240.0,54010.0,63220.0,2024
51-7021,Furniture Finishers,14230,3.7,0.8,44310.0,False,42530.0,False,31200.0,36770.0,49020.0,59820.0,2024
51-7031,"Model Makers, Wood",360,12.5,4.0,59780.0,False,51850.0,False,24710.0,40420.0,80380.0,95850.0,2024
51-7032,"Patternmakers, Wood",180,22.4,4.7,57920.0,False,52520.0,False,40730.0,45450.0,77410.0,83330.0,2024
51-7041,"Sawing Machine Setters, Operators, and Tenders, Wood",43140,1.8,0.5,42390.0,False,39950.0,False,29670.0,35550.0,47770.0,56560.0,2024
51-7042,"Woodworking Machine Setters, Operators, and Tenders, Except Sawing",63350,2.3,0.4,42290.0,False,40440.0,False,30920.0,36260.0,47650.0,54340.0,2024
51-7099,"Woodworkers, All Other",6590,6.5,1.4,43730.0,False,41220.0,False,30470.0,35890.0,48820.0,60870.0,2024
51-8011,Nuclear Power Reactor Operators,5720,1.0,0.2,122830.0,False,122610.0,False,99300.0,107170.0,131520.0,152690.0,2024
51-8012,Power Distributors and Dispatchers,9180,4.7,0.8,109620.0,False,107240.0,False,70760.0,91670.0,128690.0,144900.0,2024
51-8013,Power Plant Operators,30720,2.1,0.6,95990.0,False,99670.0,False,59930.0,77400.0,111980.0,128760.0,2024
51-8021,Stationary Engineers and Boiler Operators,30780,1.9,0.7,79710.0,False,75190.0,False,47310.0,60110.0,96420.0,121200.0,2024
51-8031,Water and Wastewater Treatment Plant and System Operators,126750,1.1,0.4,60620.0,False,58260.0,False,37870.0,47020.0,71280.0,86160.0,2024
51-8091,Chemical Plant and System Operators,17840,3.7,0.9,76290.0,False,73540.0,False,48000.0,57080.0,98050.0,107790.0,2024
51-8092,Gas Plant Operators,15910,3.4,0.8,85470.0,False,83400.0,False,59040.0,73150.0,100000.0,109350.0,2024
51-8093,"Petroleum Pump System Operators, Refinery Operators, and Gaugers",34860,3.7,1.0,90970.0,False,97540.0,False,59790.0,77970.0,104660.0,112920.0,2024
51-8099,"Plant and System Operators, All Other",15950,4.9,1.6,64490.0,False,61710.0,False,40250.0,47860.0,76910.0,92750.0,2024
51-9011,Chemical Equipment Operators and Tenders,127410,1.6,0.6,59800.0,False,57090.0,False,37270.0,45660.0,71400.0,88460.0,2024
51-9012,"Separating, Filtering, Clarifying, Precipitating, and Still Machine Setters, Operators, and Tenders",54200,2.5,0.8,53830.0,False,49500.0,False,35810.0,41830.0,61350.0,75860.0,2024
51-9021,"Crushing, Grinding, and Polishing Machine Setters, Operators, and Tenders",28550,3.3,0.8,49400.0,False,46890.0,False,35380.0,38990.0,58440.0,65980.0,2024
51-9022,"Grinding and Polishing Workers, Hand",11850,4.4,1.1,43550.0,False,41690.0,False,32120.0,36660.0,48410.0,57250.0,2024
51-9023,"Mixing and Blending Machine Setters, Operators, and Tenders",100840,1.6,0.5,49990.0,False,47680.0,False,35000.0,39800.0,57940.0,67570.0,2024
51-9031,"Cutters and Trimmers, Hand",7070,4.8,1.2,41960.0,False,38800.0,False,29910.0,33860.0,48790.0,57820.0,2024
51-9032,"Cutting and Slicing Machine Setters, Operators, and Tenders",47540,2.0,0.4,46420.0,False,45700.0,False,34890.0,38540.0,52000.0,60430.0,2024
51-9041,"Extruding, Forming, Pressing, and Compacting Machine Setters, Operators, and Tenders",57310,2.1,0.5,47040.0,False,45130.0,False,34790.0,38410.0,51970.0,64660.0,2024
51-9051,"Furnace, Kiln, Oven, Drier, and Kettle Operators and Tenders",16160,4.1,0.9,49250.0,False,47010.0,False,35010.0,39250.0,57840.0,66190.0,2024
51-9061,"Inspectors, Testers, Sorters, Samplers, and Weighers",591180,0.7,0.3,51670.0,False,47460.0,False,34590.0,38740.0,59970.0,75510.0,2024
51-9071,Jewelers and Precious Stone and Metal Workers,23420,4.0,1.8,55030.0,False,49140.0,False,33890.0,38030.0,63210.0,81610.0,2024
51-9081,Dental Laboratory Technicians,33920,2.0,0.7,54060.0,False,48310.0,False,36100.0,39250.0,62320.0,78680.0,2024
51-9082,Medical Appliance Technicians,11490,6.7,1.2,51410.0,False,47060.0,False,36560.0,40300.0,58710.0,74570.0,2024
51-9083,Ophthalmic Laboratory Technicians,18740,4.8,0.9,41760.0,False,38420.0,False,31250.0,35580.0,45410.0,55480.0,2024
51-9111,Packaging and Filling Machine Operators and Tenders,383860,0.8,0.2,43630.0,False,40900.0,False,31890.0,36250.0,48440.0,58910.0,2024
51-9123,"Painting, Coating, and Decorating Workers",8470,4.7,2.0,44130.0,False,40860.0,False,28490.0,34540.0,50700.0,62770.0,2024
51-9124,"Coating, Painting, and Spraying Machine Setters, Operators, and Tenders",159500,1.1,0.4,51610.0,False,47590.0,False,35480.0,39470.0,58740.0,72800.0,2024
51-9141,Semiconductor Processing Technicians,32150,1.6,0.4,59640.0,False,51180.0,False,35980.0,45320.0,74640.0,87190.0,2024
51-9151,Photographic Process Workers and Processing Machine Operators,5550,6.1,2.3,46050.0,False,40100.0,False,30840.0,34460.0,51590.0,69290.0,2024
51-9161,Computer Numerically Controlled Tool Operators,176950,1.2,0.3,52900.0,False,49970.0,False,37160.0,42710.0,60980.0,71160.0,2024
51-9162,Computer Numerically Controlled Tool Programmers,28230,2.2,0.8,69880.0,False,65670.0,False,45760.0,55960.0,80300.0,97930.0,2024
51-9191,Adhesive Bonding Machine Operators and Tenders,12170,3.4,0.9,45670.0,False,45210.0,False,31290.0,36420.0,52060.0,60420.0,2024
51-9192,"Cleaning, Washing, and Metal Pickling Equipment Operators and Tenders",13890,3.1,0.5,43380.0,False,41460.0,False,32770.0,37140.0,48280.0,56590.0,2024
51-9193,Cooling and Freezing Equipment Operators and Tenders,6590,3.5,0.8,44290.0,False,40160.0,False,33710.0,36150.0,49150.0,62760.0,2024
51-9194,Etchers and Engravers,8390,5.0,1.6,43280.0,False,40450.0,False,29530.0,35650.0,48510.0,60430.0,2024
51-9195,"Molders, Shapers, and Casters, Except Metal and Plastic",34750,3.0,0.6,46730.0,False,45690.0,False,34950.0,38500.0,51340.0,61050.0,2024
51-9196,"Paper Goods Machine Setters, Operators, and Tenders",96950,1.4,0.4,51750.0,False,49390.0,False,36610.0,43520.0,59220.0,68640.0,2024
51-9197,Tire Builders,20970,2.5,0.7,56230.0,False,55580.0,False,39990.0,48740.0,65410.0,70250.0,2024
51-9198,Helpers--Production Workers,167490,1.1,0.3,40080.0,False,38220.0,False,30060.0,34390.0,44980.0,52120.0,2024
51-9199,"Production Workers, All Other",277060,1.4,0.3,42940.0,False,38820.0,False,30370.0,35080.0,47550.0,59600.0,2024
53-1041,Aircraft Cargo Handling Supervisors,10160,4.4,2.2,66190.0,False,63940.0,False,38010.0,49020.0,79600.0,96300.0,2024
53-1047,"First-Line Supervisors of Transportation and Material Moving Workers, Except Aircraft Cargo Handling Supervisors",605510,0.4,0.3,65670.0,False,61890.0,False,41290.0,48750.0,77520.0,94830.0,2024
53-2011,"Airline Pilots, Copilots, and Flight Engineers",99300,0.7,2.1,280570.0,False,226600.0,False,98560.0,154360.0,,,2024
53-2012,Commercial Pilots,51830,2.3,1.5,142960.0,False,122670.0,False,59330.0,81660.0,175050.0,,2024
53-2021,Air Traffic Controllers,22400,0.7,0.3,142740.0,False,144580.0,False,76090.0,101150.0,186510.0,210410.0,2024
53-2022,Airfield Operations Specialists,16640,4.6,1.6,67120.0,False,56750.0,False,35200.0,41220.0,78320.0,111030.0,2024
53-2031,Flight Attendants,130110,0.8,0.6,78950.0,False,67130.0,False,34030.0,52280.0,98160.0,138040.0,2024
53-3011,"Ambulance Drivers and Attendants, Except Emergency Medical Technicians",12080,4.6,0.9,35550.0,False,34330.0,False,25460.0,29580.0,38000.0,46630.0,2024
53-3031,Driver/Sales Workers,417420,2.3,0.8,39670.0,False,37130.0,False,21760.0,29120.0,47590.0,59730.0,2024
53-3032,Heavy and Tractor-Trailer Truck Drivers,2070480,0.4,0.3,58400.0,False,57440.0,False,38640.0,47230.0,65520.0,78800.0,2024
53-3033,Light Truck Drivers,994410,0.7,0.3,47950.0,False,44140.0,False,29580.0,36670.0,52460.0,79630.0,2024
53-3051,"Bus Drivers, School",387920,1.1,0.5,46660.0,False,47040.0,False,27680.0,37490.0,56140.0,63810.0,2024
53-3052,"Bus Drivers, Transit and Intercity",148980,1.0,0.4,58390.0,False,57440.0,False,38250.0,46050.0,69090.0,82640.0,2024
53-3053,Shuttle Drivers and Chauffeurs,229630,1.2,0.5,39070.0,False,36670.0,False,27490.0,31460.0,44510.0,52910.0,2024
53-3054,Taxi Drivers,17510,7.4,2.4,39310.0,False,36220.0,False,27280.0,31320.0,40630.0,61920.0,2024
53-3099,"Motor Vehicle Operators, All Other",50330,3.1,1.2,40980.0,False,36260.0,False,25690.0,30250.0,47130.0,64940.0,2024
53-4011,Locomotive Engineers,31990,0.7,0.4,81540.0,False,77400.0,False,60980.0,73410.0,84230.0,100690.0,2024
53-4013,"Rail Yard Engineers, Dinkey Operators, and Hostlers",3300,4.7,1.1,60810.0,False,58030.0,False,44510.0,51770.0,65530.0,79070.0,2024
53-4022,"Railroad Brake, Signal, and Switch Operators and Locomotive Firers",12460,1.7,0.5,63170.0,False,65480.0,False,43750.0,51730.0,70130.0,80840.0,2024
53-4031,Railroad Conductors and Yardmasters,42710,0.6,0.3,75490.0,False,74080.0,False,53490.0,63480.0,82060.0,103350.0,2024
53-4041,Subway and Streetcar Operators,9200,2.0,0.5,75620.0,False,84830.0,False,52260.0,59500.0,87940.0,87940.0,2024
53-4099,"Rail Transportation Workers, All Other",1520,10.3,2.5,53500.0,False,49330.0,False,34690.0,40460.0,64710.0,82620.0,2024
53-5011,Sailors and Marine Oilers,31360,4.5,1.8,55320.0,False,49610.0,False,33350.0,38450.0,65370.0,81890.0,2024
53-5021,"Captains, Mates, and Pilots of Water Vessels",35390,2.7,1.6,97660.0,False,85540.0,False,46260.0,60800.0,124530.0,164230.0,2024
53-5022,Motorboat Operators,2380,8.0,2.3,55370.0,False,51880.0,False,31970.0,39860.0,68490.0,82330.0,2024
53-5031,Ship Engineers,8580,3.6,1.2,105600.0,False,101320.0,False,56620.0,71720.0,130380.0,162370.0,2024
53-6011,Bridge and Lock Tenders,2720,2.6,1.0,56520.0,False,58490.0,False,32690.0,43700.0,69530.0,74400.0,2024
53-6021,Parking Attendants,134650,3.0,0.6,34190.0,False,34600.0,False,24960.0,29590.0,37230.0,43840.0,2024
53-6031,Automotive and Watercraft Service Attendants,98270,1.9,0.5,35800.0,False,34850.0,False,27870.0,30600.0,38430.0,45240.0,2024
53-6032,Aircraft Service Attendants,27310,4.2,0.7,43630.0,False,41540.0,False,34320.0,37320.0,47390.0,55950.0,2024
53-6041,Traffic Technicians,7580,3.1,0.9,61310.0,False,58480.0,False,38060.0,46690.0,74480.0,85810.0,2024
53-6051,Transportation Inspectors,23320,2.5,1.2,86490.0,False,85750.0,False,40090.0,58650.0,105020.0,137120.0,2024
53-6061,Passenger Attendants,25340,3.5,1.3,38480.0,False,37560.0,False,29120.0,32090.0,41180.0,49510.0,2024
53-6099,"Transportation Workers, All Other",10960,4.7,1.8,45040.0,False,39630.0,False,27780.0,32630.0,53350.0,65810.0,2024
53-7011,Conveyor Operators and Tenders,26060,3.0,0.6,44800.0,False,41230.0,False,34940.0,37500.0,48640.0,60390.0,2024
53-7021,Crane and Tower Operators,42000,3.1,1.4,71560.0,False,66370.0,False,41670.0,50970.0,81630.0,102400.0,2024
53-7031,Dredge Operators,1030,19.0,3.6,55820.0,False,48430.0,False,42060.0,46120.0,60300.0,75050.0,2024
53-7041,Hoist and Winch Operators,2480,7.2,2.9,64070.0,False,52310.0,False,33910.0,39220.0,90200.0,116120.0,2024
53-7051,Industrial Truck and Tractor Operators,805770,0.6,0.2,47830.0,False,46390.0,False,36500.0,39780.0,53680.0,61540.0,2024
53-7061,Cleaners of Vehicles and Equipment,373960,0.8,0.3,36290.0,False,35270.0,False,26740.0,29790.0,39630.0,47150.0,2024
53-7062,"Laborers and Freight, Stock, and Material Movers, Hand",2982530,0.5,0.2,41420.0,False,38940.0,False,30810.0,35410.0,46370.0,53180.0,2024
53-7063,Machine Feeders and Offbearers,46690,1.7,0.3,42840.0,False,39700.0,False,31480.0,36020.0,48220.0,57010.0,2024
53-7064,"Packers and Packagers, Hand",601440,0.9,0.2,36600.0,False,35580.0,False,27050.0,31470.0,40960.0,46260.0,2024
53-7065,Stockers and Order Fillers,2779530,0.4,0.2,38910.0,False,37090.0,False,29850.0,33710.0,43140.0,49200.0,2024
53-7071,Gas Compressor and Gas Pumping Station Operators,5110,10.3,2.7,71750.0,False,71510.0,False,43950.0,57520.0,88090.0,98350.0,2024
53-7072,"Pump Operators, Except Wellhead Pumpers",12600,6.4,2.3,61950.0,False,60020.0,False,37850.0,47270.0,75160.0,89660.0,2024
53-7073,Wellhead Pumpers,17350,8.8,1.9,70070.0,False,70010.0,False,39110.0,54450.0,80720.0,97470.0,2024
53-7081,Refuse and Recyclable Material Collectors,139180,1.6,0.5,51210.0,False,48350.0,False,31810.0,38330.0,61010.0,75200.0,2024
53-7121,"Tank Car, Truck, and Ship Loaders",10920,7.6,1.9,60010.0,False,58070.0,False,38260.0,47260.0,71230.0,88120.0,2024
53-7199,"Material Moving Workers, All Other",25190,4.4,1.0,46650.0,False,41690.0,False,33280.0,35470.0,50850.0,64850.0,2024
11-1011,Chief Executives,204350,3.1,1.9,269630.0,False,213990.0,False,75700.0,129540.0,356200.0,507730.0,2025
11-1021,General and Operations Managers,3503020,0.3,0.3,134940.0,False,105770.0,False,50090.0,72320.0,167280.0,253390.0,2025
11-2011,Advertising and Promotions Managers,21470,3.9,3.0,154280.0,False,133660.0,False,63300.0,91370.0,201050.0,286240.0,2025
11-2021,Marketing Managers,395240,0.8,0.3,177770.0,False,166790.0,False,90260.0,123020.0,216410.0,293610.0,2025
11-2022,Sales Managers,637080,1.1,0.4,164350.0,False,148270.0,False,73170.0,100360.0,207340.0,290540.0,2025
11-2032,Public Relations Managers,74850,1.8,0.8,164760.0,False,146910.0,False,82410.0,106580.0,204520.0,284990.0,2025
11-2033,Fundraising Managers,38810,1.4,0.9,140020.0,False,125470.0,False,75130.0,95970.0,169990.0,222350.0,2025
11-3012,Administrative Services Managers,263960,1.2,0.5,129870.0,False,114130.0,False,67100.0,86460.0,157420.0,207720.0,2025
11-3013,Facilities Managers,156180,1.1,0.5,116890.0,False,106660.0,False,64480.0,82020.0,138870.0,176120.0,2025
11-3021,Computer and Information Systems Managers,670570,0.5,0.3,192160.0,False,175140.0,False,107550.0,138060.0,220730.0,297510.0,2025
11-3031,Financial Managers,841710,0.5,0.4,186910.0,False,166570.0,False,94310.0,125490.0,219980.0,323270.0,2025
11-3051,Industrial Production Managers,246250,0.5,0.3,134170.0,False,126060.0,False,78000.0,98160.0,161880.0,205520.0,2025
11-3061,Purchasing Managers,84320,0.8,0.4,156360.0,False,148080.0,False,92490.0,115550.0,182270.0,223280.0,2025
11-3071,"Transportation, Storage, and Distribution Managers",221180,0.9,0.5,121600.0,False,107230.0,False,65120.0,82440.0,146770.0,194900.0,2025
11-3111,Compensation and Benefits Managers,22940,2.1,0.8,162640.0,False,149230.0,False,89160.0,113170.0,200610.0,256570.0,2025
11-3121,Human Resources Managers,220660,0.6,0.4,164230.0,False,149280.0,False,88200.0,111110.0,199290.0,267810.0,2025
11-3131,Training and Development Managers,48050,1.4,1.1,148370.0,False,133000.0,False,79550.0,101850.0,176870.0,233600.0,2025
11-9013,"Farmers, Ranchers, and Other Agricultural Managers",6500,4.3,2.2,99820.0,False,89900.0,False,54320.0,66300.0,118860.0,160020.0,2025
11-9021,Construction Managers,380360,1.1,0.5,124360.0,False,114990.0,False,69690.0,88550.0,151640.0,189440.0,2025
11-9031,"Education and Childcare Administrators, Preschool and Daycare",73660,1.8,0.9,64800.0,False,59300.0,False,38580.0,47040.0,75500.0,98240.0,2025
11-9032,"Education Administrators, Kindergarten through Secondary",328330,0.6,0.3,116100.0,False,105870.0,False,76280.0,86040.0,134630.0,167770.0,2025
11-9033,"Education Administrators, Postsecondary",180470,0.4,0.3,126540.0,False,104590.0,False,64560.0,80870.0,144370.0,215620.0,2025
11-9039,"Education Administrators, All Other",55130,2.0,0.6,101900.0,False,95200.0,False,51910.0,68980.0,126590.0,161010.0,2025
11-9041,Architectural and Engineering Managers,220260,0.8,0.3,181540.0,False,171270.0,False,120810.0,139360.0,212500.0,262760.0,2025
11-9051,Food Service Managers,238430,1.7,0.6,74880.0,False,69390.0,False,45960.0,56870.0,86800.0,107640.0,2025
11-9071,Gambling Managers,5030,2.0,0.9,103050.0,False,93220.0,False,55960.0,72570.0,122990.0,164350.0,2025
11-9072,"Entertainment and Recreation Managers, Except Gambling",37980,1.6,0.9,89750.0,False,79520.0,False,46270.0,61060.0,104770.0,139110.0,2025
11-9081,Lodging Managers,42620,2.0,1.1,78740.0,False,69250.0,False,40070.0,49530.0,94030.0,128880.0,2025
11-9111,Medical and Health Services Managers,597080,0.6,0.3,140970.0,False,123860.0,False,73390.0,94700.0,166100.0,224340.0,2025
11-9121,Natural Sciences Managers,108690,1.2,0.6,180250.0,False,167220.0,False,79710.0,119430.0,221540.0,316850.0,2025
11-9131,Postmasters and Mail Superintendents,13810,0.0,0.0,97360.0,False,96660.0,False,85090.0,90650.0,102960.0,111740.0,2025
11-9141,"Property, Real Estate, and Community Association Managers",311180,1.8,1.2,83710.0,False,69990.0,False,41010.0,50720.0,97910.0,139680.0,2025
11-9151,Social and Community Service Managers,209330,0.9,0.3,88880.0,False,80390.0,False,53150.0,64290.0,103200.0,132260.0,2025
11-9161,Emergency Management Directors,13500,1.7,0.6,102420.0,False,93330.0,False,54210.0,67910.0,126490.0,166430.0,2025
11-9171,Funeral Home Managers,13910,1.9,1.2,92840.0,False,78790.0,False,49700.0,61890.0,103940.0,156400.0,2025
11-9179,"Personal Service Managers, All Other",10450,4.7,1.8,78190.0,False,69770.0,False,44910.0,54130.0,94440.0,118710.0,2025
11-9199,"Managers, All Other",622190,0.5,0.3,153890.0,False,141900.0,False,74300.0,102880.0,186300.0,238270.0,2025
13-1011,"Agents and Business Managers of Artists, Performers, and Athletes",12620,6.4,8.6,141580.0,False,82890.0,False,48010.0,63670.0,146430.0,284570.0,2025
13-1020,Buyers and Purchasing Agents,491430,0.7,0.2,83770.0,False,77710.0,False,48380.0,60800.0,100820.0,128870.0,2025
13-1031,"Claims Adjusters, Examiners, and Investigators",324230,1.2,0.3,80470.0,False,78000.0,False,48850.0,61160.0,98030.0,117040.0,2025
13-1032,"Insurance Appraisers, Auto Damage",11560,5.4,1.0,78900.0,False,78240.0,False,58360.0,65050.0,91880.0,101590.0,2025
13-1041,Compliance Officers,417070,0.5,0.3,88400.0,False,80730.0,False,48220.0,61280.0,109010.0,133720.0,2025
13-1051,Cost Estimators,224220,1.0,0.6,85390.0,False,78740.0,False,48530.0,61150.0,101850.0,130820.0,2025
13-1071,Human Resources Specialists,912430,0.6,0.2,81990.0,False,75940.0,False,47180.0,58610.0,99380.0,128720.0,2025
13-1074,Farm Labor Contractors,310,28.4,9.8,58470.0,False,58460.0,False,30930.0,35720.0,79590.0,84050.0,2025
13-1075,Labor Relations Specialists,64810,1.4,1.0,98720.0,False,95420.0,False,50490.0,71920.0,123420.0,156180.0,2025
13-1081,Logisticians,251040,1.0,0.4,89730.0,False,82320.0,False,50890.0,64440.0,106190.0,133160.0,2025
13-1082,Project Management Specialists,1066670,0.6,0.2,110740.0,False,102320.0,False,61580.0,78440.0,133100.0,167970.0,2025
13-1111,Management Analysts,898280,0.7,1.1,113790.0,False,101860.0,False,60640.0,77950.0,133370.0,171640.0,2025
13-1121,"Meeting, Convention, and Event Planners",142860,1.4,0.9,66520.0,False,61160.0,False,36830.0,46970.0,78790.0,101700.0,2025
13-1131,Fundraisers,111040,1.2,0.5,77200.0,False,72550.0,False,46630.0,57480.0,92180.0,115820.0,2025
13-1141,"Compensation, Benefits, and Job Analysis Specialists",112380,1.6,0.9,84330.0,False,78210.0,False,49480.0,60890.0,100400.0,128920.0,2025
13-1151,Training and Development Specialists,458300,0.8,0.4,75550.0,False,69280.0,False,38760.0,50110.0,95050.0,123250.0,2025
13-1161,Market Research Analysts and Marketing Specialists,899580,0.8,0.5,89490.0,False,78760.0,False,43390.0,58350.0,108310.0,155480.0,2025
13-1199,"Business Operations Specialists, All Other",1087090,0.6,0.3,93970.0,False,83050.0,False,47880.0,62640.0,114010.0,150010.0,2025
13-2011,Accountants and Auditors,1449500,0.5,0.3,94750.0,False,83680.0,False,56020.0,67020.0,109810.0,144090.0,2025
13-2020,Property Appraisers and Assessors,57070,2.9,1.1,75770.0,False,67960.0,False,40030.0,50970.0,92760.0,122660.0,2025
13-2031,Budget Analysts,47160,1.4,0.6,96370.0,False,91640.0,False,62250.0,75320.0,114220.0,136660.0,2025
13-2041,Credit Analysts,64390,1.3,0.7,100850.0,False,83510.0,False,56250.0,65210.0,122460.0,169230.0,2025
13-2051,Financial and Investment Analysts,361980,2.3,0.7,116800.0,False,102740.0,False,63720.0,79290.0,133340.0,180860.0,2025
13-2052,Personal Financial Advisors,266800,2.0,1.6,156670.0,False,105070.0,False,50190.0,72440.0,176790.0,357020.0,2025
13-2053,Insurance Underwriters,105420,2.0,0.7,93700.0,False,81370.0,False,55530.0,64620.0,110390.0,145160.0,2025
13-2054,Financial Risk Specialists,63850,1.9,0.6,124420.0,False,117330.0,False,64820.0,83980.0,158250.0,196110.0,2025
13-2061,Financial Examiners,67830,1.5,0.6,106240.0,False,94160.0,False,56230.0,70660.0,129600.0,174200.0,2025
13-2071,Credit Counselors,27770,2.5,0.8,57210.0,False,52230.0,False,38350.0,45720.0,64080.0,80440.0,2025
13-2072,Loan Officers,274330,1.1,0.6,87790.0,False,76690.0,False,39430.0,52730.0,104080.0,153180.0,2025
13-2081,"Tax Examiners and Collectors, and Revenue Agents",56610,0.9,0.3,70520.0,False,62370.0,False,42000.0,49450.0,83390.0,114550.0,2025
13-2082,Tax Preparers,76480,4.3,1.4,60930.0,False,54920.0,False,33760.0,38910.0,76300.0,99270.0,2025
13-2099,"Financial Specialists, All Other",132130,1.8,0.7,93810.0,False,81100.0,False,48460.0,61290.0,110410.0,151490.0,2025
15-1211,Computer Systems Analysts,519530,1.0,0.4,114610.0,False,105850.0,False,67340.0,82860.0,134110.0,167710.0,2025
15-1212,Information Security Analysts,190650,2.0,0.6,132510.0,False,129180.0,False,75090.0,97810.0,163500.0,199850.0,2025
15-1221,Computer and Information Research Scientists,37200,2.6,1.0,153930.0,False,140300.0,False,82200.0,103570.0,188700.0,230630.0,2025
15-1231,Computer Network Support Specialists,146190,2.0,1.2,81870.0,False,76220.0,False,47120.0,58240.0,98750.0,127780.0,2025
15-1232,Computer User Support Specialists,717190,0.8,0.3,67330.0,False,61860.0,False,40980.0,49000.0,79040.0,100540.0,2025
15-1241,Computer Network Architects,179740,1.7,0.6,139580.0,False,134050.0,False,79900.0,104620.0,168200.0,202680.0,2025
15-1242,Database Administrators,69990,1.7,0.5,110090.0,False,104620.0,False,60230.0,79610.0,135460.0,163320.0,2025
15-1243,Database Architects,67140,2.9,1.0,144440.0,False,139500.0,False,86240.0,109370.0,169290.0,204000.0,2025
15-1244,Network and Computer Systems Administrators,314340,1.0,0.6,103680.0,False,99130.0,False,62640.0,78010.0,126640.0,155050.0,2025
15-1251,Computer Programmers,92230,2.5,1.0,105170.0,False,100390.0,False,57710.0,75850.0,130680.0,160460.0,2025
15-1252,Software Developers,1687890,0.6,0.4,148100.0,False,135980.0,False,82460.0,105210.0,171980.0,214670.0,2025
15-1253,Software Quality Assurance Analysts and Testers,186740,2.3,0.7,111490.0,False,104300.0,False,61440.0,80310.0,133180.0,167010.0,2025
15-1254,Web Developers,70190,6.7,1.5,98770.0,False,92650.0,False,48100.0,64230.0,126230.0,162290.0,2025
15-1255,Web and Digital Interface Designers,113330,1.6,0.8,117490.0,False,104000.0,False,53750.0,73290.0,158820.0,201550.0,2025
15-1299,"Computer Occupations, All Other",435370,1.0,0.6,122230.0,False,116580.0,False,55940.0,79370.0,157500.0,188470.0,2025
15-2011,Actuaries,26670,3.2,2.3,141480.0,False,130000.0,False,78570.0,97680.0,170650.0,215100.0,2025
15-2021,Mathematicians,2030,2.5,1.0,129260.0,False,126710.0,False,69240.0,88570.0,157020.0,195190.0,2025
15-2031,Operations Research Analysts,108510,1.4,0.6,99730.0,False,88940.0,False,57060.0,68360.0,125990.0,159910.0,2025
15-2041,Statisticians,29030,2.7,1.2,115700.0,False,105650.0,False,64000.0,82220.0,141490.0,174050.0,2025
15-2051,Data Scientists,262440,1.1,0.7,126800.0,False,120230.0,False,67240.0,85660.0,158880.0,199130.0,2025
15-2099,"Mathematical Science Occupations, All Other",3720,12.6,3.5,91550.0,False,81490.0,False,47980.0,60750.0,107180.0,154580.0,2025
17-1011,"Architects, Except Landscape and Naval",106770,2.0,0.8,106260.0,False,99280.0,False,62300.0,77960.0,126550.0,161420.0,2025
17-1012,Landscape Architects,19600,4.4,1.1,88780.0,False,79870.0,False,54770.0,64170.0,104090.0,130190.0,2025
17-1021,Cartographers and Photogrammetrists,14260,3.0,0.9,86690.0,False,81390.0,False,53740.0,65670.0,101960.0,126950.0,2025
17-1022,Surveyors,50830,1.7,0.7,80570.0,False,75440.0,False,46880.0,58170.0,98130.0,125590.0,2025
17-2011,Aerospace Engineers,67710,2.0,0.6,142060.0,False,134960.0,False,86700.0,106110.0,169690.0,205890.0,2025
17-2021,Agricultural Engineers,1480,11.8,4.3,108230.0,False,98590.0,False,68060.0,82260.0,124880.0,166460.0,2025
17-2031,Bioengineers and Biomedical Engineers,23480,4.6,2.1,116890.0,False,109370.0,False,71850.0,86980.0,136600.0,168180.0,2025
17-2041,Chemical Engineers,21070,3.6,2.2,129980.0,False,125040.0,False,79420.0,97820.0,157190.0,182880.0,2025
17-2051,Civil Engineers,367840,1.0,0.9,108670.0,False,100840.0,False,68240.0,79930.0,129680.0,163220.0,2025
17-2061,Computer Hardware Engineers,76660,1.9,0.6,162670.0,False,161740.0,False,92940.0,126090.0,202990.0,225330.0,2025
17-2071,Electrical Engineers,198750,1.7,0.8,125100.0,False,120630.0,False,76550.0,92830.0,152950.0,184300.0,2025
17-2072,"Electronics Engineers, Except Computer",96900,2.0,0.7,137280.0,False,130220.0,False,81840.0,101680.0,167670.0,206960.0,2025
17-2081,Environmental Engineers,38340,3.1,0.8,112910.0,False,107110.0,False,69990.0,83570.0,134420.0,162220.0,2025
17-2111,"Health and Safety Engineers, Except Mining Safety Engineers and Inspectors",21450,6.5,1.8,119770.0,False,115160.0,False,68420.0,90930.0,142980.0,171250.0,2025
17-2112,Industrial Engineers,365740,0.7,0.3,109900.0,False,102440.0,False,74370.0,83600.0,129250.0,159860.0,2025
17-2121,Marine Engineers and Naval Architects,8250,5.5,1.0,124180.0,False,112230.0,False,83010.0,99250.0,137690.0,173330.0,2025
17-2131,Materials Engineers,22770,2.0,0.6,120250.0,False,112860.0,False,72300.0,88080.0,142720.0,175720.0,2025
17-2141,Mechanical Engineers,296810,1.3,0.4,113610.0,False,104110.0,False,73990.0,84130.0,132590.0,164340.0,2025
17-2151,"Mining and Geological Engineers, Including Mining Safety Engineers",6080,6.4,1.9,115410.0,False,106220.0,False,67490.0,85280.0,136590.0,169990.0,2025
17-2161,Nuclear Engineers,15280,3.4,1.2,140420.0,False,133970.0,False,92960.0,108690.0,163630.0,196290.0,2025
17-2171,Petroleum Engineers,18060,5.7,2.3,157150.0,False,144910.0,False,81440.0,106270.0,197920.0,253200.0,2025
17-2199,"Engineers, All Other",154070,1.1,0.4,125330.0,False,122930.0,False,66810.0,90970.0,158090.0,189950.0,2025
17-3011,Architectural and Civil Drafters,103700,2.3,0.6,70740.0,False,66150.0,False,46260.0,55650.0,80870.0,99710.0,2025
17-3012,Electrical and Electronics Drafters,17920,3.3,0.8,81280.0,False,76870.0,False,50040.0,61430.0,96730.0,120290.0,2025
17-3013,Mechanical Drafters,39960,3.0,0.8,75060.0,False,71550.0,False,48360.0,58080.0,86120.0,106580.0,2025
17-3019,"Drafters, All Other",14470,3.6,1.1,68250.0,False,63520.0,False,43420.0,51650.0,79700.0,99380.0,2025
17-3021,Aerospace Engineering and Operations Technologists and Technicians,11280,3.7,0.8,91310.0,False,82890.0,False,59050.0,67680.0,111280.0,125160.0,2025
17-3022,Civil Engineering Technologists and Technicians,68520,2.1,0.7,68990.0,False,64950.0,False,44220.0,51490.0,80650.0,98980.0,2025
17-3023,Electrical and Electronic Engineering Technologists and Technicians,95130,1.4,0.5,80680.0,False,78190.0,False,49510.0,61610.0,97650.0,115700.0,2025
17-3024,Electro-Mechanical and Mechatronics Technologists and Technicians,15520,4.1,1.5,76420.0,False,73900.0,False,47840.0,59780.0,88540.0,109890.0,2025
17-3025,Environmental Engineering Technologists and Technicians,12190,5.4,1.2,64870.0,False,59920.0,False,39910.0,48200.0,75960.0,96660.0,2025
17-3026,Industrial Engineering Technologists and Technicians,75570,1.1,0.4,70700.0,False,66120.0,False,47300.0,55760.0,80280.0,99150.0,2025
17-3027,Mechanical Engineering Technologists and Technicians,36190,2.2,1.0,76380.0,False,74510.0,False,48400.0,59510.0,88110.0,106050.0,2025
17-3028,Calibration Technologists and Technicians,16540,5.0,1.6,74170.0,False,67820.0,False,46680.0,56380.0,92080.0,106550.0,2025
17-3029,"Engineering Technologists and Technicians, Except Drafters, All Other",59930,1.8,0.6,80960.0,False,78350.0,False,47030.0,60390.0,99310.0,118330.0,2025
17-3031,Surveying and Mapping Technicians,58010,2.8,0.8,58000.0,False,54240.0,False,37520.0,45430.0,66700.0,81630.0,2025
19-1011,Animal Scientists,3100,15.6,9.1,88350.0,False,68940.0,False,44350.0,49770.0,103300.0,166000.0,2025
19-1012,Food Scientists and Technologists,13060,3.6,1.0,95360.0,False,88720.0,False,52920.0,68810.0,116650.0,145280.0,2025
19-1013,Soil and Plant Scientists,15730,4.0,1.3,87720.0,False,78850.0,False,48680.0,61660.0,103740.0,138120.0,2025
19-1021,Biochemists and Biophysicists,33830,4.2,1.3,129840.0,False,127410.0,False,74290.0,95000.0,163460.0,201110.0,2025
19-1022,Microbiologists,18940,4.3,0.9,97600.0,False,87990.0,False,54670.0,67100.0,122350.0,150000.0,2025
19-1023,Zoologists and Wildlife Biologists,18120,3.0,2.4,83020.0,False,76780.0,False,49100.0,61180.0,96100.0,126440.0,2025
19-1029,"Biological Scientists, All Other",55850,1.9,0.8,106330.0,False,98920.0,False,60430.0,76800.0,127670.0,168010.0,2025
19-1031,Conservation Scientists,25950,2.4,0.7,77130.0,False,73010.0,False,47550.0,57700.0,91560.0,110410.0,2025
19-1032,Foresters,10430,3.2,0.9,79170.0,False,76400.0,False,50790.0,62710.0,91640.0,109700.0,2025
19-1041,Epidemiologists,12090,3.2,1.0,97890.0,False,87220.0,False,61270.0,71090.0,112640.0,138800.0,2025
19-1042,"Medical Scientists, Except Epidemiologists",172340,1.1,0.7,116840.0,False,103410.0,False,64800.0,79840.0,139380.0,177780.0,2025
19-1099,"Life Scientists, All Other",7460,6.6,5.8,107860.0,False,93750.0,False,58670.0,68990.0,131910.0,186260.0,2025
19-2011,Astronomers,2120,7.3,0.7,132920.0,False,128820.0,False,78010.0,99920.0,166000.0,195190.0,2025
19-2012,Physicists,20430,3.1,1.0,171180.0,False,172250.0,False,82110.0,111720.0,222760.0,274110.0,2025
19-2021,Atmospheric and Space Scientists,10000,4.4,1.8,106110.0,False,99070.0,False,53060.0,73350.0,129960.0,161890.0,2025
19-2031,Chemists,82770,1.8,0.7,100450.0,False,91240.0,False,58460.0,69460.0,125550.0,160830.0,2025
19-2032,Materials Scientists,8470,6.4,1.2,126180.0,False,117790.0,False,66820.0,89990.0,150550.0,197290.0,2025
19-2041,"Environmental Scientists and Specialists, Including Health",89250,1.7,0.8,91680.0,False,82220.0,False,52520.0,64490.0,107970.0,140010.0,2025
19-2042,"Geoscientists, Except Hydrologists and Geographers",23470,3.1,1.9,116150.0,False,101920.0,False,59330.0,75110.0,139380.0,200230.0,2025
19-2043,Hydrologists,5850,4.3,1.6,103600.0,False,96600.0,False,64020.0,77210.0,122830.0,153130.0,2025
19-2099,"Physical Scientists, All Other",22300,1.9,1.2,129230.0,False,122570.0,False,67000.0,86620.0,161890.0,195190.0,2025
19-3011,Economists,17790,8.9,4.3,142130.0,False,124720.0,False,67360.0,89330.0,174720.0,238060.0,2025
19-3022,Survey Researchers,8290,5.3,2.7,79580.0,False,69460.0,False,39260.0,51270.0,99760.0,130860.0,2025
19-3032,Industrial-Organizational Psychologists,790,16.9,8.1,170230.0,False,193950.0,False,79010.0,107310.0,222280.0,247220.0,2025
19-3033,Clinical and Counseling Psychologists,75990,2.4,1.5,112750.0,False,100580.0,False,55170.0,73210.0,135200.0,180960.0,2025
19-3034,School Psychologists,63940,2.9,1.5,99160.0,False,95990.0,False,63070.0,77470.0,120310.0,142330.0,2025
19-3039,"Psychologists, All Other",18820,3.4,2.0,111210.0,False,110840.0,False,54990.0,68850.0,147240.0,168520.0,2025
19-3041,Sociologists,2260,7.9,2.4,114920.0,False,106030.0,False,65160.0,82300.0,137420.0,172550.0,2025
19-3051,Urban and Regional Planners,44230,1.3,0.6,94750.0,False,89320.0,False,60010.0,72020.0,110030.0,134490.0,2025
19-3091,Anthropologists and Archeologists,8990,6.6,1.1,75620.0,False,70770.0,False,49050.0,59400.0,89670.0,108060.0,2025
19-3092,Geographers,1400,4.1,0.9,102350.0,False,102040.0,False,66770.0,80290.0,121870.0,136660.0,2025
19-3093,Historians,3450,6.2,1.2,81240.0,False,76750.0,False,42730.0,57290.0,99990.0,131810.0,2025
19-3094,Political Scientists,5540,4.6,1.2,142510.0,False,142080.0,False,83350.0,114030.0,174180.0,195190.0,2025
19-3099,"Social Scientists and Related Workers, All Other",37100,1.8,0.5,107690.0,False,101110.0,False,66120.0,80860.0,129960.0,160300.0,2025
19-4012,Agricultural Technicians,15130,4.9,1.3,53840.0,False,49630.0,False,35980.0,40950.0,63630.0,76480.0,2025
19-4013,Food Science Technicians,14600,2.5,0.9,56660.0,False,52130.0,False,39820.0,46020.0,63270.0,78820.0,2025
19-4021,Biological Technicians,69620,1.7,0.6,61380.0,False,57510.0,False,40330.0,48130.0,71520.0,84940.0,2025
19-4031,Chemical Technicians,57540,2.0,0.7,63900.0,False,60390.0,False,41740.0,48530.0,75900.0,92040.0,2025
19-4042,"Environmental Science and Protection Technicians, Including Health",34670,4.0,0.9,60800.0,False,55090.0,False,38170.0,45820.0,69910.0,94160.0,2025
19-4043,"Geological Technicians, Except Hydrologic Technicians",6980,8.3,3.5,61870.0,False,53350.0,False,35770.0,44850.0,72110.0,99560.0,2025
19-4044,Hydrologic Technicians,2840,6.3,2.5,69530.0,False,64790.0,False,44950.0,52040.0,84680.0,100480.0,2025
19-4051,Nuclear Technicians,6470,7.7,1.1,108940.0,False,110240.0,False,73150.0,99110.0,123990.0,133600.0,2025
19-4061,Social Science Research Assistants,30640,1.8,1.1,66140.0,False,61990.0,False,38090.0,48620.0,77760.0,102070.0,2025
19-4071,Forest and Conservation Technicians,30410,1.0,0.2,59060.0,False,54560.0,False,40330.0,47360.0,68600.0,83630.0,2025
19-4092,Forensic Science Technicians,19120,1.0,0.8,79200.0,False,72060.0,False,48250.0,57830.0,94520.0,117250.0,2025
19-4099,"Life, Physical, and Social Science Technicians, All Other",73910,1.5,0.7,66280.0,False,62280.0,False,39000.0,48030.0,79780.0,102690.0,2025
19-5011,Occupational Health and Safety Specialists,140610,1.1,0.6,93860.0,False,90150.0,False,55000.0,69560.0,111690.0,134950.0,2025
19-5012,Occupational Health and Safety Technicians,30590,2.5,0.9,68120.0,False,61560.0,False,46280.0,52470.0,78850.0,100160.0,2025
21-1012,"Educational, Guidance, and Career Counselors and Advisors",353310,0.6,0.5,71430.0,False,64330.0,False,45020.0,51270.0,82870.0,104770.0,2025
21-1013,Marriage and Family Therapists,66740,4.8,1.5,76960.0,False,66940.0,False,44650.0,50070.0,93840.0,123730.0,2025
21-1015,Rehabilitation Counselors,94740,2.0,0.7,51820.0,False,46850.0,False,35060.0,38770.0,59260.0,77170.0,2025
21-1018,"Substance Abuse, Behavioral Disorder, and Mental Health Counselors",491930,1.0,0.6,64440.0,False,59350.0,False,38940.0,47100.0,76530.0,97590.0,2025
21-1019,"Counselors, All Other",28580,5.2,1.8,58210.0,False,50860.0,False,36240.0,43680.0,66520.0,91940.0,2025
21-1021,"Child, Family, and School Social Workers",392550,0.7,0.4,64000.0,False,59550.0,False,42280.0,48270.0,76070.0,95530.0,2025
21-1022,Healthcare Social Workers,187630,1.1,0.5,71790.0,False,67880.0,False,46220.0,56710.0,82240.0,100360.0,2025
21-1023,Mental Health and Substance Abuse Social Workers,132810,1.8,1.4,68030.0,False,60280.0,False,39740.0,47070.0,79730.0,104170.0,2025
21-1029,"Social Workers, All Other",62930,1.7,0.5,75910.0,False,71900.0,False,43620.0,51900.0,97040.0,115610.0,2025
21-1091,Health Education Specialists,65690,1.7,0.8,73280.0,False,64070.0,False,42990.0,50620.0,87130.0,118200.0,2025
21-1092,Probation Officers and Correctional Treatment Specialists,89390,0.3,0.3,73130.0,False,66270.0,False,46840.0,54250.0,84780.0,107790.0,2025
21-1093,Social and Human Service Assistants,437860,0.9,0.4,47690.0,False,45930.0,False,34200.0,38150.0,54350.0,63290.0,2025
21-1094,Community Health Workers,61660,1.9,0.5,56180.0,False,51850.0,False,38810.0,45640.0,62540.0,77180.0,2025
21-1099,"Community and Social Service Specialists, All Other",107730,1.4,0.6,59590.0,False,56730.0,False,37310.0,45920.0,69910.0,84210.0,2025
21-2011,Clergy,57200,2.3,1.5,66860.0,False,60810.0,False,37860.0,48260.0,76640.0,98890.0,2025
21-2021,"Directors, Religious Activities and Education",22160,4.1,1.5,62100.0,False,52100.0,False,34670.0,44010.0,73730.0,98310.0,2025
21-2099,"Religious Workers, All Other",15760,9.6,4.4,53870.0,False,45280.0,False,31200.0,35310.0,60390.0,93900.0,2025
23-1011,Lawyers,754500,1.1,1.6,185840.0,False,159670.0,False,78360.0,102990.0,221370.0,351600.0,2025
23-1012,Judicial Law Clerks,13290,1.0,0.4,72950.0,False,64920.0,False,46180.0,52870.0,80420.0,113140.0,2025
23-1021,"Administrative Law Judges, Adjudicators, and Hearing Officers",16370,0.4,0.3,125990.0,False,117860.0,False,61110.0,81140.0,159680.0,207480.0,2025
23-1022,"Arbitrators, Mediators, and Conciliators",9210,10.7,5.7,91010.0,False,75530.0,False,47220.0,57360.0,108000.0,155440.0,2025
23-1023,"Judges, Magistrate Judges, and Magistrates",24030,0.6,0.7,143830.0,False,153990.0,False,46950.0,85710.0,194950.0,221710.0,2025
23-2011,Paralegals and Legal Assistants,392880,1.6,1.3,69700.0,False,62890.0,False,44740.0,50340.0,80080.0,101500.0,2025
23-2093,"Title Examiners, Abstractors, and Searchers",48580,3.0,1.6,62350.0,False,58650.0,False,38170.0,47420.0,74810.0,90830.0,2025
23-2099,"Legal Support Workers, All Other",46760,2.2,1.0,89660.0,False,72110.0,False,43800.0,54940.0,109360.0,179960.0,2025
25-1011,"Business Teachers, Postsecondary",82150,0.7,0.4,114720.0,False,99080.0,False,47180.0,64150.0,141710.0,209470.0,2025
25-1021,"Computer Science Teachers, Postsecondary",35480,0.7,0.3,104420.0,False,96980.0,False,49460.0,66600.0,131320.0,170200.0,2025
25-1022,"Mathematical Science Teachers, Postsecondary",47670,0.3,0.3,91550.0,False,79940.0,False,49180.0,61690.0,105000.0,139340.0,2025
25-1031,"Architecture Teachers, Postsecondary",7700,0.8,0.4,101250.0,False,96870.0,False,58430.0,74970.0,128510.0,159030.0,2025
25-1032,"Engineering Teachers, Postsecondary",40270,0.5,0.3,124520.0,False,109270.0,False,61550.0,81570.0,150860.0,210370.0,2025
25-1041,"Agricultural Sciences Teachers, Postsecondary",8920,2.3,0.7,102050.0,False,98700.0,False,50870.0,66410.0,126850.0,163150.0,2025
25-1042,"Biological Science Teachers, Postsecondary",50190,0.4,0.3,102840.0,False,84620.0,False,52150.0,64350.0,126770.0,169900.0,2025
25-1043,"Forestry and Conservation Science Teachers, Postsecondary",1520,6.5,1.5,102450.0,False,101420.0,False,50100.0,77440.0,126930.0,148920.0,2025
25-1051,"Atmospheric, Earth, Marine, and Space Sciences Teachers, Postsecondary",9900,0.9,0.3,116020.0,False,103170.0,False,59700.0,77260.0,135510.0,203190.0,2025
25-1052,"Chemistry Teachers, Postsecondary",19980,0.3,0.3,105210.0,False,93250.0,False,57870.0,68530.0,127280.0,172110.0,2025
25-1053,"Environmental Science Teachers, Postsecondary",6690,1.1,0.3,103610.0,False,94980.0,False,57780.0,69880.0,126900.0,164190.0,2025
25-1054,"Physics Teachers, Postsecondary",13090,0.4,0.3,111460.0,False,100310.0,False,60200.0,74050.0,132650.0,177850.0,2025
25-1061,"Anthropology and Archeology Teachers, Postsecondary",5240,0.4,0.3,106880.0,False,99650.0,False,57840.0,75200.0,128750.0,171310.0,2025
25-1062,"Area, Ethnic, and Cultural Studies Teachers, Postsecondary",11300,0.6,0.3,98330.0,False,85020.0,False,52070.0,65660.0,110710.0,160420.0,2025
25-1063,"Economics Teachers, Postsecondary",11560,0.4,0.3,138850.0,False,123920.0,False,64060.0,86840.0,168770.0,224200.0,2025
25-1064,"Geography Teachers, Postsecondary",3330,0.4,0.3,102350.0,False,97590.0,False,52550.0,74690.0,123900.0,165460.0,2025
25-1065,"Political Science Teachers, Postsecondary",16970,0.9,0.5,108100.0,False,98070.0,False,56450.0,73260.0,129130.0,174660.0,2025
25-1066,"Psychology Teachers, Postsecondary",41530,1.3,0.4,93860.0,False,80340.0,False,49050.0,63400.0,105920.0,153600.0,2025
25-1067,"Sociology Teachers, Postsecondary",11850,0.9,0.4,96980.0,False,84290.0,False,49930.0,64990.0,110650.0,160140.0,2025
25-1069,"Social Sciences Teachers, Postsecondary, All Other",16580,1.0,0.4,88390.0,False,72990.0,False,40670.0,55910.0,102990.0,164420.0,2025
25-1071,"Health Specialties Teachers, Postsecondary",221270,0.6,0.4,147570.0,False,107310.0,False,59270.0,75690.0,210370.0,322020.0,2025
25-1072,"Nursing Instructors and Teachers, Postsecondary",77960,1.3,0.4,86410.0,False,80250.0,False,48800.0,63510.0,101090.0,129500.0,2025
25-1081,"Education Teachers, Postsecondary",60830,0.7,0.4,79350.0,False,75350.0,False,39530.0,53770.0,97590.0,126860.0,2025
25-1082,"Library Science Teachers, Postsecondary",3630,1.0,0.4,88110.0,False,80340.0,False,57200.0,64080.0,100910.0,129120.0,2025
25-1111,"Criminal Justice and Law Enforcement Teachers, Postsecondary",13150,1.1,0.6,87550.0,False,76590.0,False,45000.0,60020.0,100870.0,140240.0,2025
25-1112,"Law Teachers, Postsecondary",20060,1.9,0.7,144770.0,False,128500.0,False,64250.0,88700.0,176490.0,287900.0,2025
25-1113,"Social Work Teachers, Postsecondary",12610,1.0,0.6,83940.0,False,77570.0,False,48200.0,61170.0,100400.0,126790.0,2025
25-1121,"Art, Drama, and Music Teachers, Postsecondary",93560,0.6,0.4,94700.0,False,78620.0,False,47570.0,61620.0,103850.0,163350.0,2025
25-1122,"Communications Teachers, Postsecondary",29420,0.5,0.4,90010.0,False,78580.0,False,47590.0,61250.0,102450.0,143720.0,2025
25-1123,"English Language and Literature Teachers, Postsecondary",57720,0.4,0.3,89580.0,False,78760.0,False,48270.0,60900.0,103130.0,137250.0,2025
25-1124,"Foreign Language and Literature Teachers, Postsecondary",19830,0.5,0.4,89990.0,False,79350.0,False,49060.0,62510.0,102730.0,136050.0,2025
25-1125,"History Teachers, Postsecondary",18790,0.4,0.3,96580.0,False,83820.0,False,48410.0,63920.0,112090.0,162160.0,2025
25-1126,"Philosophy and Religion Teachers, Postsecondary",20460,2.1,0.9,92040.0,False,80260.0,False,49140.0,62600.0,104770.0,139580.0,2025
25-1192,"Family and Consumer Sciences Teachers, Postsecondary",2770,1.4,0.7,81940.0,False,75870.0,False,47830.0,57410.0,99320.0,130790.0,2025
25-1193,"Recreation and Fitness Studies Teachers, Postsecondary",12630,0.7,0.3,86620.0,False,77270.0,False,44900.0,59990.0,101450.0,134890.0,2025
25-1194,"Career/Technical Education Teachers, Postsecondary",114110,1.2,0.6,72060.0,False,63820.0,False,41960.0,50320.0,82360.0,108620.0,2025
25-1199,"Postsecondary Teachers, All Other",149840,0.7,0.3,90630.0,False,77640.0,False,44300.0,59290.0,106770.0,160700.0,2025
25-2011,"Preschool Teachers, Except Special Education",478780,1.5,0.5,43030.0,False,38140.0,False,28990.0,34530.0,47550.0,61390.0,2025
25-2012,"Kindergarten Teachers, Except Special Education",108870,1.5,0.6,69370.0,False,62680.0,False,46990.0,52180.0,79910.0,101830.0,2025
25-2021,"Elementary School Teachers, Except Special Education",1388390,0.8,0.4,72650.0,False,63970.0,False,47960.0,57710.0,81450.0,104340.0,2025
25-2022,"Middle School Teachers, Except Special and Career/Technical Education",620090,1.7,0.6,72030.0,False,64370.0,False,48080.0,58530.0,80490.0,102540.0,2025
25-2023,"Career/Technical Education Teachers, Middle School",16870,3.2,1.0,71590.0,False,65030.0,False,49200.0,58690.0,79990.0,101890.0,2025
25-2031,"Secondary School Teachers, Except Special and Career/Technical Education",1065210,1.0,0.4,76320.0,False,72040.0,False,48780.0,59980.0,92570.0,107600.0,2025
25-2032,"Career/Technical Education Teachers, Secondary School",111420,1.9,0.5,72680.0,False,66270.0,False,50040.0,60590.0,80060.0,101340.0,2025
25-2051,"Special Education Teachers, Preschool",29510,5.9,2.6,76380.0,False,64830.0,False,45620.0,52210.0,91660.0,130040.0,2025
25-2052,"Special Education Teachers, Kindergarten and Elementary School",260870,1.2,0.5,72650.0,False,65120.0,False,49350.0,59710.0,80280.0,103010.0,2025
25-2057,"Special Education Teachers, Middle School",95200,2.2,0.7,73780.0,False,66810.0,False,49420.0,60000.0,82800.0,102510.0,2025
25-2058,"Special Education Teachers, Secondary School",163930,1.4,0.5,77260.0,False,74260.0,False,49800.0,60180.0,93730.0,109100.0,2025
25-2059,"Special Education Teachers, All Other",33930,7.8,3.3,79750.0,False,76580.0,False,48440.0,60930.0,99690.0,120080.0,2025
25-3011,"Adult Basic Education, Adult Secondary Education, and English as a Second Language Instructors",37310,2.5,0.6,65860.0,False,61540.0,False,41810.0,49100.0,77690.0,98030.0,2025
25-3021,Self-Enrichment Teachers,332110,1.3,0.8,54740.0,False,46800.0,False,30050.0,36380.0,63210.0,92840.0,2025
25-3031,"Substitute Teachers, Short-Term",524770,1.5,0.8,46420.0,False,41670.0,False,28560.0,34170.0,54890.0,65790.0,2025
25-3041,Tutors,175070,1.8,0.8,48050.0,False,43350.0,False,29430.0,35000.0,54860.0,75990.0,2025
25-3099,"Teachers and Instructors, All Other",113790,2.8,1.1,73880.0,False,66140.0,False,37010.0,48490.0,95890.0,118020.0,2025
25-4011,Archivists,7970,3.5,1.1,70640.0,False,64550.0,False,39970.0,50680.0,83020.0,110550.0,2025
25-4012,Curators,12150,2.4,0.7,71560.0,False,63420.0,False,40470.0,48870.0,83080.0,107140.0,2025
25-4013,Museum Technicians and Conservators,12310,4.7,0.9,57410.0,False,51440.0,False,33780.0,41050.0,67640.0,87530.0,2025
25-4022,Librarians and Media Collections Specialists,133790,0.9,0.4,72840.0,False,68270.0,False,43660.0,56310.0,84480.0,103990.0,2025
25-4031,Library Technicians,68690,1.3,0.5,45500.0,False,44580.0,False,29300.0,35740.0,52430.0,63080.0,2025
25-9021,Farm and Home Management Educators,8220,5.9,1.2,61060.0,False,60220.0,False,37650.0,46990.0,73130.0,85060.0,2025
25-9031,Instructional Coordinators,227760,0.8,0.3,80920.0,False,77440.0,False,47980.0,60780.0,98820.0,121670.0,2025
25-9044,"Teaching Assistants, Postsecondary",164090,0.3,0.4,47670.0,False,42910.0,False,28600.0,35270.0,60510.0,76420.0,2025
25-9045,"Teaching Assistants, Except Postsecondary",1420350,0.6,0.3,38290.0,False,36780.0,False,27150.0,31060.0,45360.0,50040.0,2025
25-9099,"Educational Instruction and Library Workers, All Other",118590,1.4,1.4,59060.0,False,50890.0,False,25180.0,36050.0,73920.0,98740.0,2025
27-1011,Art Directors,53070,4.2,2.0,129440.0,False,114850.0,False,64900.0,82480.0,162640.0,213050.0,2025
27-1012,Craft Artists,4580,8.3,2.1,49740.0,False,46080.0,False,25960.0,35020.0,58240.0,71990.0,2025
27-1013,"Fine Artists, Including Painters, Sculptors, and Illustrators",11220,7.4,3.8,73150.0,False,55490.0,False,31630.0,37560.0,83200.0,144210.0,2025
27-1014,Special Effects Artists and Animators,19970,5.9,1.7,112870.0,False,102030.0,False,58600.0,75490.0,139130.0,177110.0,2025
27-1019,"Artists and Related Workers, All Other",6930,8.3,3.9,80530.0,False,71240.0,False,36580.0,42010.0,115150.0,136660.0,2025
27-1021,Commercial and Industrial Designers,33490,3.3,1.8,93260.0,False,83910.0,False,53460.0,66450.0,109050.0,139770.0,2025
27-1022,Fashion Designers,21450,7.5,12.4,91230.0,False,80960.0,False,39490.0,51940.0,106470.0,146870.0,2025
27-1023,Floral Designers,40590,1.7,1.1,39520.0,False,37360.0,False,28600.0,32810.0,45700.0,51000.0,2025
27-1024,Graphic Designers,197830,2.4,1.3,70560.0,False,62960.0,False,39520.0,49040.0,81830.0,104910.0,2025
27-1025,Interior Designers,71500,2.0,1.5,74540.0,False,67190.0,False,41420.0,51840.0,85740.0,114140.0,2025
27-1026,Merchandise Displayers and Window Trimmers,165220,1.9,0.9,42830.0,False,39390.0,False,30760.0,35130.0,47220.0,58370.0,2025
27-1027,Set and Exhibit Designers,10630,6.5,2.8,83160.0,False,75240.0,False,41750.0,52830.0,104030.0,135410.0,2025
27-1029,"Designers, All Other",9480,7.9,2.5,79090.0,False,64950.0,False,43030.0,51020.0,95860.0,129110.0,2025
27-2011,Actors,55000,17.7,8.4,,False,,False,,,,,2025
27-2012,Producers and Directors,143120,2.9,1.8,113300.0,False,90360.0,False,45780.0,62670.0,134800.0,198540.0,2025
27-2021,Athletes and Sports Competitors,15070,7.1,10.1,206180.0,False,66710.0,False,26500.0,36790.0,109880.0,742310.0,2025
27-2022,Coaches and Scouts,248950,1.5,1.1,60160.0,False,47320.0,False,28790.0,35330.0,64710.0,98860.0,2025
27-2023,"Umpires, Referees, and Other Sports Officials",15780,5.0,8.4,53010.0,False,40710.0,False,26540.0,32260.0,57160.0,82960.0,2025
27-2031,Dancers,8130,7.3,3.6,,False,,False,,,,,2025
27-2032,Choreographers,2860,8.9,4.5,73100.0,False,55310.0,False,34090.0,41600.0,75710.0,138630.0,2025
27-2041,Music Directors and Composers,12540,6.3,4.3,90470.0,False,73710.0,False,39880.0,53110.0,104090.0,165760.0,2025
27-2042,Musicians and Singers,36180,3.1,2.6,,False,,False,,,,,2025
27-2091,"Disc Jockeys, Except Radio",7920,9.3,8.1,,False,,False,,,,,2025
27-2099,"Entertainers and Performers, Sports and Related Workers, All Other",16550,8.7,5.8,,False,,False,,,,,2025
27-3011,Broadcast Announcers and Radio Disc Jockeys,21240,2.3,2.3,78720.0,False,47340.0,False,28190.0,35360.0,75480.0,138440.0,2025
27-3023,"News Analysts, Reporters, and Journalists",39250,1.9,1.7,102460.0,False,62200.0,False,36240.0,45370.0,98450.0,144140.0,2025
27-3031,Public Relations Specialists,283380,1.1,1.1,84120.0,False,74750.0,False,44110.0,56260.0,100370.0,135150.0,2025
27-3041,Editors,91690,1.7,1.3,90060.0,False,77920.0,False,41250.0,57300.0,106100.0,153700.0,2025
27-3042,Technical Writers,45500,2.1,0.9,96970.0,False,90390.0,False,57440.0,70880.0,115510.0,145270.0,2025
27-3043,Writers and Authors,47940,5.2,2.9,86090.0,False,76910.0,False,44310.0,58230.0,101950.0,139870.0,2025
27-3091,Interpreters and Translators,52060,2.7,1.3,66360.0,False,60170.0,False,37070.0,46530.0,80830.0,103660.0,2025
27-3092,Court Reporters and Simultaneous Captioners,12870,2.7,1.6,78760.0,False,72420.0,False,42130.0,53760.0,100780.0,130560.0,2025
27-3099,"Media and Communication Workers, All Other",19590,3.7,1.7,83860.0,False,73620.0,False,39120.0,49790.0,103820.0,134270.0,2025
27-4011,Audio and Video Technicians,70230,2.4,1.1,64630.0,False,58100.0,False,37990.0,46390.0,77560.0,100650.0,2025
27-4012,Broadcast Technicians,21110,3.1,2.1,67960.0,False,59570.0,False,31390.0,40320.0,83520.0,123670.0,2025
27-4014,Sound Engineering Technicians,13080,11.2,3.5,81390.0,False,73130.0,False,37570.0,49910.0,100280.0,137370.0,2025
27-4015,Lighting Technicians,8900,6.2,1.9,78380.0,False,68060.0,False,42310.0,52770.0,95640.0,130760.0,2025
27-4021,Photographers,51760,4.0,2.2,55410.0,False,44660.0,False,30820.0,36050.0,62740.0,91810.0,2025
27-4031,"Camera Operators, Television, Video, and Film",21550,4.1,2.1,83210.0,False,74990.0,False,38520.0,50920.0,106660.0,135180.0,2025
27-4032,Film and Video Editors,25610,4.7,2.5,86130.0,False,75420.0,False,40280.0,52720.0,105310.0,148550.0,2025
27-4099,"Media and Communication Equipment Workers, All Other",12450,6.3,1.6,81040.0,False,70720.0,False,38870.0,49340.0,106780.0,135470.0,2025
29-1011,Chiropractors,39630,2.8,1.5,90520.0,False,79200.0,False,43460.0,60070.0,105050.0,146080.0,2025
29-1021,"Dentists, General",124390,2.8,1.3,191350.0,False,170950.0,False,86250.0,125710.0,224040.0,319630.0,2025
29-1022,Oral and Maxillofacial Surgeons,4910,13.8,10.9,346490.0,False,352220.0,False,86250.0,204610.0,428710.0,622640.0,2025
29-1023,Orthodontists,6210,13.5,5.4,259400.0,False,289140.0,False,99850.0,146580.0,342300.0,416000.0,2025
29-1024,Prosthodontists,870,27.6,8.5,268630.0,False,311180.0,False,103510.0,252050.0,333480.0,344750.0,2025
29-1029,"Dentists, All Other Specialists",5230,16.0,7.5,247930.0,False,224990.0,False,104120.0,166130.0,280590.0,402700.0,2025
29-1031,Dietitians and Nutritionists,77570,2.1,0.4,77130.0,False,76400.0,False,49090.0,63080.0,89340.0,103720.0,2025
29-1041,Optometrists,42790,2.8,0.9,141550.0,False,136570.0,False,74870.0,109400.0,165120.0,202180.0,2025
29-1051,Pharmacists,321970,0.9,0.3,140920.0,False,140910.0,False,99290.0,129380.0,161840.0,174230.0,2025
29-1071,Physician Assistants,162150,1.4,0.7,141280.0,False,135880.0,False,99380.0,120670.0,163980.0,190280.0,2025
29-1081,Podiatrists,9680,3.8,2.2,175480.0,False,160300.0,False,66010.0,103730.0,225910.0,309670.0,2025
29-1122,Occupational Therapists,162450,1.2,0.4,101280.0,False,100330.0,False,71690.0,82510.0,116670.0,131950.0,2025
29-1123,Physical Therapists,267330,1.0,0.3,105280.0,False,102760.0,False,77140.0,86160.0,121160.0,135140.0,2025
29-1124,Radiation Therapists,17070,7.1,1.1,114990.0,False,105310.0,False,80560.0,92060.0,126340.0,156710.0,2025
29-1125,Recreational Therapists,14930,2.6,2.1,67630.0,False,61960.0,False,40990.0,50240.0,79930.0,100420.0,2025
29-1126,Respiratory Therapists,139790,1.0,0.2,87300.0,False,82280.0,False,63660.0,74520.0,98730.0,118050.0,2025
29-1127,Speech-Language Pathologists,183390,1.2,0.4,98170.0,False,97870.0,False,62900.0,77730.0,114570.0,134160.0,2025
29-1128,Exercise Physiologists,8560,5.4,1.3,60940.0,False,59460.0,False,42760.0,49620.0,67230.0,80560.0,2025
29-1129,"Therapists, All Other",22640,5.5,3.4,90420.0,False,77930.0,False,46540.0,58850.0,105760.0,152530.0,2025
29-1131,Veterinarians,83900,1.3,0.9,142680.0,False,130100.0,False,73920.0,101460.0,166120.0,215700.0,2025
29-1141,Registered Nurses,3379720,0.3,0.2,101420.0,False,97550.0,False,68940.0,80330.0,112350.0,137470.0,2025
29-1151,Nurse Anesthetists,51840,4.5,1.6,248320.0,False,236590.0,False,155250.0,206730.0,294350.0,339500.0,2025
29-1161,Nurse Midwives,7920,5.5,1.0,136980.0,False,134040.0,False,93620.0,116510.0,157400.0,188320.0,2025
29-1171,Nurse Practitioners,323040,1.2,0.3,137300.0,False,132300.0,False,101340.0,117990.0,156700.0,174420.0,2025
29-1181,Audiologists,13660,4.8,2.0,97740.0,False,95780.0,False,64610.0,79340.0,111300.0,133120.0,2025
29-1211,Anesthesiologists,38760,11.0,2.8,360570.0,False,391490.0,False,101460.0,207000.0,490530.0,557130.0,2025
29-1212,Cardiologists,17290,5.4,2.2,454940.0,False,496010.0,False,107190.0,274280.0,610060.0,712130.0,2025
29-1213,Dermatologists,11370,9.4,4.2,323530.0,False,328730.0,False,102810.0,139990.0,452450.0,578560.0,2025
29-1214,Emergency Medicine Physicians,32880,4.3,3.0,317480.0,False,335550.0,False,103610.0,184830.0,418890.0,495910.0,2025
29-1215,Family Medicine Physicians,107510,5.1,2.4,255820.0,False,244180.0,False,76830.0,162420.0,334270.0,428550.0,2025
29-1216,General Internal Medicine Physicians,67150,4.3,2.5,267200.0,False,256560.0,False,73570.0,124470.0,374850.0,475430.0,2025
29-1217,Neurologists,10590,9.9,6.6,267630.0,False,248560.0,False,83370.0,155990.0,357990.0,450780.0,2025
29-1218,Obstetricians and Gynecologists,21260,5.7,2.3,279040.0,False,292910.0,False,94680.0,179810.0,369390.0,437300.0,2025
29-1221,"Pediatricians, General",39390,4.9,2.6,212110.0,False,210040.0,False,91470.0,138290.0,273700.0,338500.0,2025
29-1222,"Physicians, Pathologists",11110,7.1,3.5,285420.0,False,312400.0,False,92540.0,186300.0,372780.0,449970.0,2025
29-1223,Psychiatrists,27980,3.5,2.4,269940.0,False,281870.0,False,84060.0,154150.0,362740.0,446520.0,2025
29-1224,Radiologists,26770,7.3,2.6,381530.0,False,420860.0,False,89010.0,216800.0,506010.0,594410.0,2025
29-1229,"Physicians, All Other",342720,1.4,1.0,262040.0,False,265930.0,False,69170.0,102930.0,378770.0,452360.0,2025
29-1241,"Ophthalmologists, Except Pediatric",8950,13.0,5.4,304650.0,False,300080.0,False,100180.0,173650.0,421530.0,489710.0,2025
29-1242,"Orthopedic Surgeons, Except Pediatric",14100,10.9,3.6,373570.0,False,358550.0,False,84170.0,180610.0,530700.0,659290.0,2025
29-1243,Pediatric Surgeons,1190,33.7,5.1,502050.0,False,559030.0,False,215410.0,336380.0,583200.0,726660.0,2025
29-1249,"Surgeons, All Other",25140,9.6,5.3,373930.0,False,414010.0,False,80320.0,134850.0,511420.0,655320.0,2025
29-1291,Acupuncturists,7830,12.9,5.6,87020.0,False,76040.0,False,38830.0,55380.0,102280.0,161470.0,2025
29-1292,Dental Hygienists,222740,1.6,1.0,98990.0,False,98100.0,False,74880.0,83570.0,108480.0,126050.0,2025
29-1299,"Healthcare Diagnosing or Treating Practitioners, All Other",28630,1.9,5.5,127660.0,False,115210.0,False,65210.0,83780.0,161470.0,195190.0,2025
29-2010,Clinical Laboratory Technologists and Technicians,332940,0.9,0.3,67350.0,False,62930.0,False,38910.0,47650.0,81450.0,100990.0,2025
29-2031,Cardiovascular Technologists and Technicians,62960,2.1,0.5,76940.0,False,74310.0,False,39000.0,47890.0,98110.0,121350.0,2025
29-2032,Diagnostic Medical Sonographers,90160,1.4,0.3,97240.0,False,96590.0,False,67820.0,80430.0,106930.0,129370.0,2025
29-2033,Nuclear Medicine Technologists,17080,1.8,0.8,105160.0,False,101370.0,False,78080.0,86720.0,117120.0,134500.0,2025
29-2034,Radiologic Technologists and Technicians,230490,0.9,0.2,83840.0,False,80110.0,False,55980.0,64810.0,98750.0,118660.0,2025
29-2035,Magnetic Resonance Imaging Technologists,43390,1.7,0.4,96120.0,False,95480.0,False,68890.0,81040.0,106340.0,127670.0,2025
29-2036,Medical Dosimetrists,3410,6.2,1.2,148500.0,False,147470.0,False,111670.0,132080.0,167030.0,185450.0,2025
29-2042,Emergency Medical Technicians,180510,0.9,0.3,46830.0,False,44470.0,False,34130.0,37960.0,50100.0,62500.0,2025
29-2043,Paramedics,100610,1.2,0.3,63360.0,False,60600.0,False,44230.0,49660.0,73470.0,84850.0,2025
29-2051,Dietetic Technicians,31560,2.5,0.6,40630.0,False,37640.0,False,29720.0,33880.0,45750.0,54020.0,2025
29-2052,Pharmacy Technicians,471680,0.6,0.2,46620.0,False,45750.0,False,36020.0,37850.0,49990.0,61040.0,2025
29-2053,Psychiatric Technicians,156960,1.8,0.4,46610.0,False,45130.0,False,35090.0,38430.0,50160.0,60750.0,2025
29-2055,Surgical Technologists,117460,1.2,0.3,68710.0,False,64650.0,False,45940.0,54690.0,79750.0,96940.0,2025
29-2056,Veterinary Technologists and Technicians,129140,1.5,0.5,49120.0,False,47380.0,False,35710.0,38910.0,57650.0,63180.0,2025
29-2057,Ophthalmic Medical Technicians,71010,4.0,0.6,47060.0,False,45570.0,False,35700.0,38170.0,51390.0,61940.0,2025
29-2061,Licensed Practical and Licensed Vocational Nurses,648410,0.6,0.3,67050.0,False,64400.0,False,49740.0,59000.0,76030.0,83440.0,2025
29-2072,Medical Records Specialists,194720,1.1,0.4,56790.0,False,51140.0,False,37000.0,43490.0,64820.0,81150.0,2025
29-2081,"Opticians, Dispensing",73530,2.2,0.6,51770.0,False,47260.0,False,35610.0,38820.0,61700.0,76750.0,2025
29-2091,Orthotists and Prosthetists,9390,9.7,1.6,83740.0,False,81110.0,False,46350.0,61290.0,99990.0,119810.0,2025
29-2092,Hearing Aid Specialists,11270,5.6,1.4,66370.0,False,65160.0,False,38400.0,48390.0,80010.0,94020.0,2025
29-2099,"Health Technologists and Technicians, All Other",182610,1.3,0.6,58710.0,False,50290.0,False,38180.0,44170.0,64340.0,85270.0,2025
29-9021,Health Information Technologists and Medical Registrars,38100,1.9,0.7,74970.0,False,68020.0,False,39830.0,48940.0,95630.0,117420.0,2025
29-9091,Athletic Trainers,30500,2.4,0.4,66620.0,False,62520.0,False,48180.0,55130.0,74630.0,88760.0,2025
29-9092,Genetic Counselors,3740,5.7,1.2,104620.0,False,100040.0,False,78270.0,88900.0,116140.0,138760.0,2025
29-9093,Surgical Assistants,22270,6.4,2.3,72710.0,False,66800.0,False,39690.0,50170.0,88010.0,107610.0,2025
29-9099,"Healthcare Practitioners and Technical Workers, All Other",35010,1.6,0.8,76720.0,False,65790.0,False,38660.0,47750.0,97000.0,129830.0,2025
31-1120,Home Health and Personal Care Aides,4305810,0.3,0.3,36120.0,False,35800.0,False,27040.0,31920.0,39470.0,45040.0,2025
31-1131,Nursing Assistants,1448910,0.4,0.2,42700.0,False,42260.0,False,33940.0,37260.0,47220.0,51980.0,2025
31-1132,Orderlies,52440,0.9,0.3,40660.0,False,38290.0,False,32240.0,35570.0,44560.0,50600.0,2025
31-1133,Psychiatric Aides,35520,2.3,0.6,45690.0,False,44910.0,False,32090.0,37750.0,49950.0,60440.0,2025
31-2011,Occupational Therapy Assistants,51290,2.4,0.5,70710.0,False,72300.0,False,51490.0,61710.0,79160.0,89780.0,2025
31-2012,Occupational Therapy Aides,4310,7.8,2.2,44110.0,False,39160.0,False,29430.0,35920.0,46780.0,70200.0,2025
31-2021,Physical Therapist Assistants,112430,1.4,0.4,68730.0,False,68380.0,False,47750.0,59820.0,78680.0,89510.0,2025
31-2022,Physical Therapist Aides,48150,3.5,1.2,36430.0,False,35240.0,False,25360.0,30410.0,38810.0,47780.0,2025
31-9011,Massage Therapists,98790,2.6,1.3,63830.0,False,58450.0,False,33640.0,43480.0,78320.0,100200.0,2025
31-9091,Dental Assistants,387790,0.9,0.4,50200.0,False,48070.0,False,37130.0,44340.0,58090.0,62250.0,2025
31-9092,Medical Assistants,817870,1.2,0.3,46120.0,False,45690.0,False,36050.0,38470.0,49180.0,59310.0,2025
31-9093,Medical Equipment Preparers,77420,1.1,0.4,50510.0,False,47700.0,False,36410.0,39800.0,58570.0,69950.0,2025
31-9094,Medical Transcriptionists,41550,3.7,0.9,41710.0,False,40410.0,False,28250.0,34150.0,48000.0,55950.0,2025
31-9095,Pharmacy Aides,39530,3.4,0.9,40450.0,False,37680.0,False,29820.0,34980.0,43640.0,56010.0,2025
31-9096,Veterinary Assistants and Laboratory Animal Caretakers,126580,1.5,0.3,40340.0,False,38150.0,False,30120.0,35660.0,45710.0,49150.0,2025
31-9097,Phlebotomists,143540,1.2,0.3,45520.0,False,45230.0,False,35780.0,38190.0,48930.0,58780.0,2025
31-9099,"Healthcare Support Workers, All Other",109740,1.4,0.4,50810.0,False,48430.0,False,34770.0,39470.0,59710.0,71470.0,2025
33-1011,First-Line Supervisors of Correctional Officers,53380,0.4,0.2,84380.0,False,77970.0,False,52330.0,59890.0,103320.0,127780.0,2025
33-1012,First-Line Supervisors of Police and Detectives,154610,0.4,0.3,112190.0,False,106040.0,False,63350.0,81860.0,132620.0,165110.0,2025
33-1021,First-Line Supervisors of Firefighting and Prevention Workers,99140,1.1,0.5,96930.0,False,93530.0,False,53430.0,72140.0,119500.0,140010.0,2025
33-1091,First-Line Supervisors of Security Workers,81480,1.3,0.7,59900.0,False,55940.0,False,37300.0,45030.0,71950.0,92260.0,2025
33-1099,"First-Line Supervisors of Protective Service Workers, All Other",20690,1.9,0.7,74390.0,False,76400.0,False,41110.0,52400.0,92890.0,103420.0,2025
33-2011,Firefighters,345990,1.1,0.6,63630.0,False,59280.0,False,34910.0,44490.0,77250.0,101040.0,2025
33-2021,Fire Inspectors and Investigators,13800,4.1,1.2,78670.0,False,75920.0,False,46530.0,58690.0,95120.0,118750.0,2025
33-2022,Forest Fire Inspectors and Prevention Specialists,2780,7.5,3.7,66640.0,False,56870.0,False,35420.0,43760.0,81500.0,105460.0,2025
33-3011,Bailiffs,17310,1.3,0.6,61660.0,False,56600.0,False,32140.0,43720.0,74630.0,96770.0,2025
33-3012,Correctional Officers and Jailers,380500,0.4,0.2,63630.0,False,58940.0,False,42760.0,48640.0,75850.0,93220.0,2025
33-3021,Detectives and Criminal Investigators,114430,0.3,0.1,99430.0,False,93790.0,False,55390.0,69330.0,120520.0,160540.0,2025
33-3031,Fish and Game Wardens,5770,0.5,0.1,74950.0,False,74060.0,False,50990.0,61430.0,89110.0,100980.0,2025
33-3041,Parking Enforcement Workers,9050,4.8,0.9,51190.0,False,46730.0,False,35130.0,39870.0,60490.0,75340.0,2025
33-3051,Police and Sheriff's Patrol Officers,670520,0.3,0.3,79200.0,False,76210.0,False,47510.0,59290.0,97600.0,115120.0,2025
33-3052,Transit and Railroad Police,4390,2.6,1.0,91810.0,False,90230.0,False,57690.0,68990.0,119290.0,125910.0,2025
33-9011,Animal Control Workers,12070,2.1,0.5,48440.0,False,45660.0,False,33090.0,37750.0,57060.0,68070.0,2025
33-9021,Private Detectives and Investigators,35580,2.5,1.0,60150.0,False,51220.0,False,36740.0,40700.0,73990.0,97630.0,2025
33-9031,Gambling Surveillance Officers and Gambling Investigators,9520,1.4,0.4,45630.0,False,43370.0,False,32730.0,36270.0,49210.0,61970.0,2025
33-9032,Security Guards,1283470,0.4,0.4,42470.0,False,38020.0,False,30210.0,35210.0,46200.0,58840.0,2025
33-9091,Crossing Guards and Flaggers,94360,2.5,1.0,43350.0,False,38100.0,False,30840.0,34430.0,47540.0,61690.0,2025
33-9092,"Lifeguards, Ski Patrol, and Other Recreational Protective Service Workers",157550,1.8,0.4,34470.0,False,33580.0,False,25780.0,28880.0,37520.0,43970.0,2025
33-9093,Transportation Security Screeners,50290,1.2,0.3,64310.0,False,66770.0,False,44700.0,57050.0,72820.0,78350.0,2025
33-9094,School Bus Monitors,78420,2.0,0.4,35150.0,False,35100.0,False,28130.0,31760.0,37760.0,43250.0,2025
33-9099,"Protective Service Workers, All Other",81500,2.5,0.9,48070.0,False,42540.0,False,32470.0,35420.0,54910.0,74590.0,2025
35-1011,Chefs and Head Cooks,200040,3.1,1.1,66700.0,False,62470.0,False,37900.0,48440.0,78750.0,98560.0,2025
35-1012,First-Line Supervisors of Food Preparation and Serving Workers,1223240,0.9,0.4,46180.0,False,44080.0,False,29940.0,35980.0,54570.0,65570.0,2025
35-2011,"Cooks, Fast Food",641070,2.7,0.6,32390.0,False,30890.0,False,22580.0,27260.0,37260.0,42910.0,2025
35-2012,"Cooks, Institution and Cafeteria",441050,0.7,0.4,38810.0,False,37450.0,False,28480.0,32440.0,44800.0,49670.0,2025
35-2013,"Cooks, Private Household",1100,24.4,7.0,53680.0,False,47940.0,False,36090.0,40630.0,55450.0,91130.0,2025
35-2014,"Cooks, Restaurant",1409890,1.0,0.4,38730.0,False,37390.0,False,28700.0,34010.0,44620.0,47900.0,2025
35-2015,"Cooks, Short Order",138650,5.2,1.4,36120.0,False,35880.0,False,23440.0,30610.0,42450.0,46460.0,2025
35-2019,"Cooks, All Other",19350,8.7,2.3,39150.0,False,37690.0,False,27040.0,32150.0,43680.0,51140.0,2025
35-2021,Food Preparation Workers,893600,1.7,0.4,35290.0,False,35320.0,False,25810.0,29950.0,38550.0,45340.0,2025
35-3011,Bartenders,756390,1.3,0.8,40790.0,False,34340.0,False,20110.0,27400.0,47570.0,73770.0,2025
35-3023,Fast Food and Counter Workers,3854050,0.7,0.4,32150.0,False,31200.0,False,22840.0,27700.0,36070.0,42650.0,2025
35-3031,Waiters and Waitresses,2270910,0.7,0.6,40060.0,False,35230.0,False,18100.0,27750.0,47110.0,64720.0,2025
35-3041,"Food Servers, Nonrestaurant",293900,1.3,0.4,36140.0,False,35360.0,False,28030.0,31190.0,38500.0,46120.0,2025
35-9011,Dining Room and Cafeteria Attendants and Bartender Helpers,542750,1.6,0.7,34230.0,False,33980.0,False,21300.0,28330.0,37250.0,46570.0,2025
35-9021,Dishwashers,477450,1.3,0.4,34310.0,False,34810.0,False,26200.0,29690.0,37440.0,42860.0,2025
35-9031,"Hosts and Hostesses, Restaurant, Lounge, and Coffee Shop",432690,1.7,0.5,32690.0,False,31200.0,False,22340.0,27570.0,36250.0,43990.0,2025
35-9099,"Food Preparation and Serving Related Workers, All Other",84630,4.7,1.3,36810.0,False,35840.0,False,25470.0,31200.0,39880.0,47550.0,2025
37-1011,First-Line Supervisors of Housekeeping and Janitorial Workers,178760,1.0,0.4,53320.0,False,49100.0,False,35520.0,40100.0,62600.0,76430.0,2025
37-1012,"First-Line Supervisors of Landscaping, Lawn Service, and Groundskeeping Workers",130760,1.8,0.6,60960.0,False,58430.0,False,40560.0,47390.0,72590.0,85650.0,2025
37-2011,"Janitors and Cleaners, Except Maids and Housekeeping Cleaners",2209760,0.5,0.2,38760.0,False,36840.0,False,28640.0,32240.0,44060.0,50270.0,2025
37-2012,Maids and Housekeeping Cleaners,860670,0.7,0.3,37080.0,False,35510.0,False,27640.0,30350.0,39590.0,48570.0,2025
37-2019,"Building Cleaning Workers, All Other",17210,8.8,2.5,46420.0,False,44040.0,False,32370.0,37440.0,50410.0,64030.0,2025
37-2021,Pest Control Workers,102620,2.0,0.6,46400.0,False,45250.0,False,34680.0,37440.0,49600.0,61890.0,2025
37-3011,Landscaping and Groundskeeping Workers,952640,0.7,0.3,42290.0,False,39150.0,False,31150.0,36190.0,46830.0,56730.0,2025
37-3012,"Pesticide Handlers, Sprayers, and Applicators, Vegetation",27050,4.6,0.9,47070.0,False,46340.0,False,35570.0,39160.0,51240.0,61420.0,2025
37-3013,Tree Trimmers and Pruners,55160,6.3,1.3,55970.0,False,50960.0,False,37940.0,44840.0,63900.0,80310.0,2025
37-3019,"Grounds Maintenance Workers, All Other",13630,5.7,1.3,48830.0,False,46860.0,False,31650.0,37520.0,57820.0,74820.0,2025
39-1013,First-Line Supervisors of Gambling Services Workers,26010,0.8,0.5,64830.0,False,63820.0,False,41400.0,51340.0,75770.0,84750.0,2025
39-1014,"First-Line Supervisors of Entertainment and Recreation Workers, Except Gambling Services",103190,1.0,0.6,53550.0,False,48560.0,False,34760.0,39400.0,62320.0,79060.0,2025
39-1022,First-Line Supervisors of Personal Service Workers,114110,1.6,0.6,52360.0,False,48590.0,False,34010.0,39050.0,61100.0,75330.0,2025
39-2011,Animal Trainers,18770,4.9,2.3,47020.0,False,39990.0,False,29600.0,33740.0,53580.0,75490.0,2025
39-2021,Animal Caretakers,266910,1.2,0.6,37300.0,False,35360.0,False,27250.0,29820.0,40050.0,50060.0,2025
39-3011,Gambling Dealers,83910,0.7,0.4,42550.0,False,34320.0,False,24040.0,25810.0,49180.0,77090.0,2025
39-3012,Gambling and Sports Book Writers and Runners,8950,4.4,1.4,36450.0,False,34980.0,False,22090.0,28150.0,44840.0,48270.0,2025
39-3019,"Gambling Service Workers, All Other",14140,4.1,1.8,41380.0,False,36310.0,False,23160.0,28390.0,46330.0,65470.0,2025
39-3021,Motion Picture Projectionists,1480,9.3,6.5,51480.0,False,38270.0,False,23390.0,30040.0,77730.0,88310.0,2025
39-3031,"Ushers, Lobby Attendants, and Ticket Takers",121770,1.7,0.6,33080.0,False,32910.0,False,23560.0,28310.0,36940.0,42470.0,2025
39-3091,Amusement and Recreation Attendants,397830,1.0,0.5,32640.0,False,32150.0,False,22350.0,27660.0,36590.0,42490.0,2025
39-3092,Costume Attendants,6510,5.3,2.9,63440.0,False,50400.0,False,32150.0,38610.0,77680.0,109520.0,2025
39-3093,"Locker Room, Coatroom, and Dressing Room Attendants",15560,5.4,1.6,38460.0,False,36300.0,False,26590.0,31200.0,43880.0,54260.0,2025
39-3099,"Entertainment Attendants and Related Workers, All Other",7060,7.8,1.8,34980.0,False,32640.0,False,23310.0,26790.0,38740.0,48440.0,2025
39-4011,Embalmers,3890,5.4,1.4,58390.0,False,58780.0,False,38310.0,48010.0,66130.0,77570.0,2025
39-4012,Crematory Operators,2970,5.9,1.5,45670.0,False,43650.0,False,33270.0,37020.0,50380.0,62460.0,2025
39-4021,Funeral Attendants,31090,1.7,0.7,37190.0,False,35680.0,False,28070.0,30380.0,42870.0,48460.0,2025
39-4031,"Morticians, Undertakers, and Funeral Arrangers",25100,2.0,1.3,58160.0,False,55010.0,False,33350.0,42430.0,72010.0,88620.0,2025
39-5011,Barbers,15000,7.4,3.3,47070.0,False,38210.0,False,28600.0,31570.0,58960.0,76460.0,2025
39-5012,"Hairdressers, Hairstylists, and Cosmetologists",305710,1.2,1.0,43960.0,False,35790.0,False,27040.0,30120.0,48830.0,71190.0,2025
39-5091,"Makeup Artists, Theatrical and Performance",2340,13.9,9.7,102240.0,False,97150.0,False,23360.0,34530.0,143230.0,167470.0,2025
39-5092,Manicurists and Pedicurists,152770,1.4,0.9,38570.0,False,35760.0,False,28920.0,34010.0,41650.0,50140.0,2025
39-5093,Shampooers,8070,11.7,2.4,31980.0,False,32600.0,False,23110.0,28550.0,35550.0,38240.0,2025
39-5094,Skincare Specialists,72890,3.6,1.5,51850.0,False,45330.0,False,29580.0,36040.0,59700.0,82050.0,2025
39-6011,Baggage Porters and Bellhops,28510,3.6,1.0,38570.0,False,37080.0,False,27040.0,31200.0,44130.0,51600.0,2025
39-6012,Concierges,49240,4.7,1.3,42510.0,False,38950.0,False,31620.0,35660.0,47350.0,57570.0,2025
39-7010,Tour and Travel Guides,53500,2.5,2.5,43720.0,False,38120.0,False,28520.0,32910.0,47700.0,60930.0,2025
39-9011,Childcare Workers,518910,1.4,0.5,35030.0,False,34980.0,False,24260.0,29360.0,38570.0,46010.0,2025
39-9031,Exercise Trainers and Group Fitness Instructors,322930,1.3,1.0,52420.0,False,47160.0,False,28800.0,35280.0,61730.0,83100.0,2025
39-9032,Recreation Workers,331490,1.1,0.4,38520.0,False,36560.0,False,27600.0,31780.0,43470.0,50410.0,2025
39-9041,Residential Advisors,84760,1.8,0.6,43990.0,False,42240.0,False,29870.0,35510.0,49920.0,61060.0,2025
39-9099,"Personal Care and Service Workers, All Other",60420,4.0,1.1,40120.0,False,41600.0,False,27480.0,34180.0,42710.0,48910.0,2025
41-1011,First-Line Supervisors of Retail Sales Workers,1121800,0.6,0.2,53380.0,False,48520.0,False,33120.0,38590.0,62130.0,77080.0,2025
41-1012,First-Line Supervisors of Non-Retail Sales Workers,214390,1.0,0.6,99370.0,False,87520.0,False,50320.0,63940.0,122050.0,164070.0,2025
41-2011,Cashiers,3089410,0.6,0.2,33180.0,False,32880.0,False,24530.0,28720.0,36330.0,40410.0,2025
41-2012,Gambling Change Persons and Booth Cashiers,21530,2.0,0.8,39100.0,False,36220.0,False,24460.0,29630.0,41530.0,60330.0,2025
41-2021,Counter and Rental Clerks,400810,1.3,0.4,45700.0,False,41300.0,False,29800.0,35630.0,50190.0,65370.0,2025
41-2022,Parts Salespersons,270070,1.0,0.4,43830.0,False,38630.0,False,28240.0,33110.0,49850.0,62890.0,2025
41-2031,Retail Salespersons,3897860,0.3,0.2,37310.0,False,35410.0,False,27210.0,29900.0,38670.0,47890.0,2025
41-3011,Advertising Sales Agents,91700,2.0,1.4,80670.0,False,64820.0,False,35240.0,47020.0,99990.0,146010.0,2025
41-3021,Insurance Sales Agents,479100,1.1,1.1,81480.0,False,62280.0,False,37330.0,46870.0,96950.0,138140.0,2025
41-3031,"Securities, Commodities, and Financial Services Sales Agents",489570,1.2,0.9,109150.0,False,78660.0,False,48040.0,56540.0,129950.0,212880.0,2025
41-3041,Travel Agents,55110,2.6,1.0,54660.0,False,50160.0,False,34610.0,41950.0,63060.0,76660.0,2025
41-3091,"Sales Representatives of Services, Except Advertising, Insurance, Financial Services, and Travel",1256010,0.7,0.4,82430.0,False,69990.0,False,37980.0,47670.0,100480.0,148840.0,2025
41-4011,"Sales Representatives, Wholesale and Manufacturing, Technical and Scientific Products",284800,1.8,0.8,119730.0,False,104920.0,False,52600.0,75030.0,158160.0,200440.0,2025
41-4012,"Sales Representatives, Wholesale and Manufacturing, Except Technical and Scientific Products",1238190,0.6,0.4,82530.0,False,72080.0,False,39090.0,50470.0,99640.0,137550.0,2025
41-9011,Demonstrators and Product Promoters,64520,3.9,1.4,45580.0,False,39320.0,False,31200.0,35160.0,53640.0,63850.0,2025
41-9012,Models,3780,13.4,15.9,72800.0,False,48470.0,False,34190.0,35710.0,99320.0,131470.0,2025
41-9021,Real Estate Brokers,46100,6.6,3.6,83950.0,False,73220.0,False,37110.0,46480.0,103360.0,143300.0,2025
41-9022,Real Estate Sales Agents,193370,3.0,1.9,69510.0,False,52830.0,False,32970.0,40040.0,82020.0,123590.0,2025
41-9031,Sales Engineers,51790,2.8,1.2,130140.0,False,124900.0,False,73870.0,92890.0,161230.0,195270.0,2025
41-9041,Telemarketers,58430,4.3,1.3,37370.0,False,35450.0,False,27040.0,29640.0,40230.0,50350.0,2025
41-9091,"Door-to-Door Sales Workers, News and Street Vendors, and Related Workers",2760,11.9,4.0,43850.0,False,41380.0,False,32010.0,36470.0,47390.0,51470.0,2025
41-9099,"Sales and Related Workers, All Other",93180,2.8,1.2,58510.0,False,48280.0,False,29720.0,36860.0,70650.0,97910.0,2025
43-1011,First-Line Supervisors of Office and Administrative Support Workers,1436680,0.5,0.1,73490.0,False,69500.0,False,45610.0,55950.0,85090.0,104710.0,2025
43-2011,"Switchboard Operators, Including Answering Service",34280,3.0,0.7,42300.0,False,38630.0,False,29990.0,34820.0,46530.0,59470.0,2025
43-2021,Telephone Operators,3430,5.7,1.2,44970.0,False,41740.0,False,31510.0,36920.0,51510.0,62950.0,2025
43-2099,"Communications Equipment Operators, All Other",1200,15.0,1.8,62130.0,False,54680.0,False,38900.0,46460.0,78470.0,94640.0,2025
43-3011,Bill and Account Collectors,158830,1.4,0.4,49060.0,False,47030.0,False,34400.0,39010.0,56740.0,65580.0,2025
43-3021,Billing and Posting Clerks,404060,0.9,0.2,51070.0,False,48500.0,False,37290.0,42840.0,58290.0,67710.0,2025
43-3031,"Bookkeeping, Accounting, and Auditing Clerks",1373680,0.8,0.2,53560.0,False,50670.0,False,36000.0,43520.0,61470.0,74550.0,2025
43-3041,Gambling Cage Workers,14430,0.8,0.2,39510.0,False,37580.0,False,29100.0,34510.0,44680.0,49430.0,2025
43-3051,Payroll and Timekeeping Clerks,153140,1.2,0.4,59630.0,False,58260.0,False,39500.0,47990.0,69600.0,81350.0,2025
43-3061,Procurement Clerks,55810,1.4,0.3,52370.0,False,50580.0,False,38040.0,43420.0,60080.0,68620.0,2025
43-3071,Tellers,329480,1.3,0.3,42350.0,False,43030.0,False,34360.0,37040.0,46580.0,49680.0,2025
43-3099,"Financial Clerks, All Other",36260,3.7,0.5,56450.0,False,53830.0,False,40360.0,47510.0,62310.0,76290.0,2025
43-4011,Brokerage Clerks,35940,4.1,1.2,72850.0,False,65750.0,False,50260.0,58620.0,79800.0,102010.0,2025
43-4021,Correspondence Clerks,4290,8.3,2.0,48090.0,False,46800.0,False,33300.0,38610.0,56090.0,64510.0,2025
43-4031,"Court, Municipal, and License Clerks",179750,0.7,0.2,52320.0,False,48700.0,False,36300.0,40810.0,60840.0,73820.0,2025
43-4041,"Credit Authorizers, Checkers, and Clerks",12030,4.1,1.2,51420.0,False,50080.0,False,30260.0,40520.0,60860.0,72700.0,2025
43-4051,Customer Service Representatives,2595750,0.4,0.2,46590.0,False,44770.0,False,31750.0,36870.0,51780.0,63590.0,2025
43-4061,"Eligibility Interviewers, Government Programs",154800,0.7,0.2,56090.0,False,54210.0,False,38900.0,45910.0,63610.0,74690.0,2025
43-4071,File Clerks,73440,2.8,0.8,45590.0,False,43600.0,False,31200.0,36420.0,51770.0,63490.0,2025
43-4081,"Hotel, Motel, and Resort Desk Clerks",261420,0.7,0.3,35550.0,False,35070.0,False,27120.0,29810.0,38100.0,45470.0,2025
43-4111,"Interviewers, Except Eligibility and Loan",148060,1.4,0.4,47240.0,False,45920.0,False,33900.0,38330.0,53090.0,62810.0,2025
43-4121,"Library Assistants, Clerical",85520,2.1,0.4,39370.0,False,36910.0,False,27730.0,31820.0,45620.0,55310.0,2025
43-4131,Loan Interviewers and Clerks,164790,1.2,0.3,52520.0,False,50020.0,False,37330.0,45120.0,60600.0,69770.0,2025
43-4141,New Accounts Clerks,36860,2.9,0.6,49370.0,False,47670.0,False,38180.0,43920.0,55100.0,60910.0,2025
43-4151,Order Clerks,75200,3.3,0.5,48220.0,False,46170.0,False,35530.0,39660.0,54310.0,63530.0,2025
43-4161,"Human Resources Assistants, Except Payroll and Timekeeping",90220,1.4,0.3,52250.0,False,50610.0,False,37340.0,44030.0,59800.0,68280.0,2025
43-4171,Receptionists and Information Clerks,910180,0.9,0.2,39460.0,False,38010.0,False,28760.0,33960.0,45130.0,49950.0,2025
43-4181,Reservation and Transportation Ticket Agents and Travel Clerks,118710,1.4,0.4,49630.0,False,44390.0,False,32140.0,37850.0,59640.0,78150.0,2025
43-4199,"Information and Record Clerks, All Other",134920,1.3,0.2,51490.0,False,49500.0,False,33870.0,40910.0,59970.0,71420.0,2025
43-5011,Cargo and Freight Agents,97670,2.5,1.0,57230.0,False,52260.0,False,38340.0,45710.0,63390.0,79810.0,2025
43-5021,Couriers and Messengers,68640,3.4,0.4,40970.0,False,39200.0,False,31550.0,36070.0,45280.0,50330.0,2025
43-5031,Public Safety Telecommunicators,102500,1.2,0.3,56740.0,False,53040.0,False,37320.0,45210.0,64260.0,79830.0,2025
43-5032,"Dispatchers, Except Police, Fire, and Ambulance",202810,2.3,0.7,54740.0,False,50340.0,False,36030.0,42750.0,62450.0,78140.0,2025
43-5041,"Meter Readers, Utilities",19430,3.7,1.1,55380.0,False,48150.0,False,34720.0,39410.0,65750.0,85930.0,2025
43-5051,Postal Service Clerks,73720,0.0,0.0,61860.0,False,62130.0,False,42600.0,56740.0,70890.0,75030.0,2025
43-5052,Postal Service Mail Carriers,328820,0.0,0.0,62540.0,False,60550.0,False,42390.0,48940.0,81000.0,81040.0,2025
43-5053,"Postal Service Mail Sorters, Processors, and Processing Machine Operators",105200,0.0,0.0,59430.0,False,58470.0,False,45530.0,48880.0,75030.0,75280.0,2025
43-5061,"Production, Planning, and Expediting Clerks",390160,1.7,0.4,62150.0,False,59650.0,False,40080.0,47820.0,75000.0,86000.0,2025
43-5071,"Shipping, Receiving, and Inventory Clerks",816870,0.6,0.2,46810.0,False,45260.0,False,34650.0,38200.0,51570.0,62190.0,2025
43-5111,"Weighers, Measurers, Checkers, and Samplers, Recordkeeping",53300,2.0,0.4,47630.0,False,46380.0,False,35290.0,39180.0,54850.0,60910.0,2025
43-6011,Executive Secretaries and Executive Administrative Assistants,459910,0.7,0.5,79140.0,False,76590.0,False,50560.0,61390.0,94390.0,109850.0,2025
43-6012,Legal Secretaries and Administrative Assistants,156280,3.1,2.1,60620.0,False,55570.0,False,36500.0,44450.0,71970.0,91730.0,2025
43-6013,Medical Secretaries and Administrative Assistants,961610,0.8,0.3,46800.0,False,45930.0,False,35930.0,38570.0,50580.0,60530.0,2025
43-6014,"Secretaries and Administrative Assistants, Except Legal, Medical, and Executive",1706790,0.4,0.3,49350.0,False,47540.0,False,33280.0,38830.0,58000.0,66350.0,2025
43-9021,Data Entry Keyers,127080,2.1,0.5,43310.0,False,41340.0,False,31200.0,35760.0,48410.0,58790.0,2025
43-9022,Word Processors and Typists,35010,2.5,1.0,51120.0,False,49280.0,False,36810.0,40800.0,57670.0,65150.0,2025
43-9031,Desktop Publishers,3350,5.3,2.2,61970.0,False,55290.0,False,35680.0,43730.0,73840.0,96170.0,2025
43-9041,Insurance Claims and Policy Processing Clerks,214260,1.5,0.4,52920.0,False,49230.0,False,37560.0,44270.0,60490.0,73590.0,2025
43-9051,"Mail Clerks and Mail Machine Operators, Except Postal Service",55230,2.5,0.6,41650.0,False,39280.0,False,30780.0,35470.0,46450.0,54820.0,2025
43-9061,"Office Clerks, General",2464940,0.4,0.2,46420.0,False,45010.0,False,30310.0,36350.0,54300.0,64680.0,2025
43-9071,"Office Machine Operators, Except Computer",25130,4.1,1.0,43220.0,False,40960.0,False,31750.0,36090.0,47910.0,57960.0,2025
43-9081,Proofreaders and Copy Markers,4580,8.0,1.4,54800.0,False,51120.0,False,34510.0,41170.0,62390.0,79290.0,2025
43-9111,Statistical Assistants,4710,11.9,3.2,55650.0,False,50330.0,False,35990.0,42840.0,63950.0,81990.0,2025
43-9199,"Office and Administrative Support Workers, All Other",192260,1.1,0.4,48670.0,False,45670.0,False,31090.0,34320.0,58460.0,71940.0,2025
45-1011,"First-Line Supervisors of Farming, Fishing, and Forestry Workers",27960,2.1,0.8,62730.0,False,59320.0,False,38990.0,46670.0,75290.0,91770.0,2025
45-2011,Agricultural Inspectors,14410,1.9,0.4,54910.0,False,49940.0,False,37020.0,42330.0,64500.0,79580.0,2025
45-2021,Animal Breeders,1330,14.9,4.2,57010.0,False,51130.0,False,38480.0,44320.0,62080.0,90550.0,2025
45-2041,"Graders and Sorters, Agricultural Products",25180,2.8,0.7,36430.0,False,35730.0,False,29580.0,34320.0,38260.0,44490.0,2025
45-2091,Agricultural Equipment Operators,28500,3.6,0.8,43710.0,False,41730.0,False,33500.0,36810.0,48100.0,58650.0,2025
45-2092,"Farmworkers and Laborers, Crop, Nursery, and Greenhouse",265500,1.0,0.4,37630.0,False,35660.0,False,32900.0,34320.0,38840.0,45690.0,2025
45-2093,"Farmworkers, Farm, Ranch, and Aquacultural Animals",32810,2.3,0.7,39260.0,False,36670.0,False,27360.0,31020.0,45700.0,54080.0,2025
45-2099,"Agricultural Workers, All Other",3620,7.0,2.2,45510.0,False,39850.0,False,27760.0,33140.0,53290.0,76940.0,2025
45-4011,Forest and Conservation Workers,6050,6.4,1.2,43680.0,False,43680.0,False,33780.0,37440.0,45760.0,57220.0,2025
45-4021,Fallers,3130,7.7,2.9,57110.0,False,52100.0,False,35180.0,41360.0,63390.0,82360.0,2025
45-4022,Logging Equipment Operators,21060,2.1,0.9,53190.0,False,49740.0,False,35170.0,43970.0,61050.0,74300.0,2025
45-4023,Log Graders and Scalers,3070,5.2,1.5,47770.0,False,46330.0,False,34950.0,37780.0,56250.0,62400.0,2025
45-4029,"Logging Workers, All Other",1700,9.7,2.0,52910.0,False,50840.0,False,36380.0,41900.0,61450.0,69350.0,2025
47-1011,First-Line Supervisors of Construction Trades and Extraction Workers,812210,0.6,0.3,86450.0,False,79920.0,False,53280.0,63400.0,101460.0,128260.0,2025
47-2011,Boilermakers,10190,5.3,1.5,80090.0,False,76410.0,False,50490.0,64760.0,95430.0,110370.0,2025
47-2021,Brickmasons and Blockmasons,52550,2.3,1.0,68280.0,False,62120.0,False,44820.0,51110.0,79350.0,100010.0,2025
47-2022,Stonemasons,7820,9.8,3.2,60710.0,False,57390.0,False,39300.0,45450.0,71630.0,86180.0,2025
47-2031,Carpenters,670090,0.9,0.4,65630.0,False,60580.0,False,40410.0,48510.0,76830.0,99910.0,2025
47-2041,Carpet Installers,13780,5.6,2.2,56990.0,False,50340.0,False,35450.0,41970.0,66320.0,82140.0,2025
47-2042,"Floor Layers, Except Carpet, Wood, and Hard Tiles",23640,4.6,1.8,61760.0,False,56460.0,False,37600.0,45660.0,73840.0,96700.0,2025
47-2043,Floor Sanders and Finishers,3720,14.2,2.6,52460.0,False,50440.0,False,37070.0,41600.0,59620.0,70340.0,2025
47-2044,Tile and Stone Setters,35850,3.9,1.4,59250.0,False,55690.0,False,37140.0,45200.0,70220.0,86110.0,2025
47-2051,Cement Masons and Concrete Finishers,206170,1.7,0.5,60050.0,False,57020.0,False,39190.0,47010.0,66870.0,85480.0,2025
47-2053,Terrazzo Workers and Finishers,1180,30.0,13.7,84920.0,False,76170.0,False,46090.0,54830.0,114780.0,126130.0,2025
47-2061,Construction Laborers,1096780,0.8,0.3,52030.0,False,47120.0,False,35090.0,38620.0,59740.0,78090.0,2025
47-2071,"Paving, Surfacing, and Tamping Equipment Operators",41820,3.4,0.9,59000.0,False,53340.0,False,38230.0,45610.0,64720.0,92230.0,2025
47-2072,Pile Driver Operators,2310,8.5,2.8,80710.0,False,73300.0,False,48790.0,58510.0,106430.0,124600.0,2025
47-2073,Operating Engineers and Other Construction Equipment Operators,478090,0.8,0.4,66290.0,False,59850.0,False,42190.0,48680.0,77170.0,101090.0,2025
47-2081,Drywall and Ceiling Tile Installers,83080,2.5,1.1,63600.0,False,58930.0,False,38460.0,47440.0,74230.0,102010.0,2025
47-2082,Tapers,12840,7.4,2.0,72710.0,False,68270.0,False,43670.0,52730.0,88540.0,107110.0,2025
47-2111,Electricians,757220,0.8,0.4,71490.0,False,63190.0,False,42640.0,49430.0,83940.0,108510.0,2025
47-2121,Glaziers,58480,2.8,1.2,59720.0,False,57080.0,False,37300.0,46320.0,66610.0,89790.0,2025
47-2131,"Insulation Workers, Floor, Ceiling, and Wall",44440,4.4,1.4,54740.0,False,49120.0,False,37030.0,43200.0,60980.0,78190.0,2025
47-2132,"Insulation Workers, Mechanical",25660,5.2,2.1,65530.0,False,58340.0,False,42470.0,48100.0,77360.0,100220.0,2025
47-2141,"Painters, Construction and Maintenance",225190,1.6,0.6,55420.0,False,49400.0,False,37440.0,44640.0,61660.0,78810.0,2025
47-2142,Paperhangers,1570,11.3,2.6,53730.0,False,52140.0,False,36020.0,44890.0,60180.0,69050.0,2025
47-2151,Pipelayers,33050,3.1,1.1,54700.0,False,49000.0,False,37730.0,43980.0,61400.0,80170.0,2025
47-2152,"Plumbers, Pipefitters, and Steamfitters",465840,1.3,0.6,72170.0,False,63800.0,False,44150.0,50190.0,85110.0,108420.0,2025
47-2161,Plasterers and Stucco Masons,19310,5.8,2.6,62050.0,False,57660.0,False,39560.0,47970.0,71310.0,96710.0,2025
47-2171,Reinforcing Iron and Rebar Workers,13800,7.7,2.6,66060.0,False,58970.0,False,43310.0,47990.0,77320.0,104540.0,2025
47-2181,Roofers,135490,1.4,0.6,58140.0,False,55440.0,False,37460.0,46260.0,65390.0,81720.0,2025
47-2211,Sheet Metal Workers,119770,2.4,0.9,67850.0,False,61800.0,False,38630.0,47830.0,81610.0,105650.0,2025
47-2221,Structural Iron and Steel Workers,68380,3.5,1.2,70280.0,False,62780.0,False,44580.0,49880.0,82660.0,108260.0,2025
47-2231,Solar Photovoltaic Installers,31350,6.1,1.2,57900.0,False,53140.0,False,41600.0,46700.0,62870.0,79970.0,2025
47-3011,"Helpers--Brickmasons, Blockmasons, Stonemasons, and Tile and Marble Setters",14170,5.2,1.3,50920.0,False,47550.0,False,36230.0,40100.0,57980.0,70080.0,2025
47-3012,Helpers--Carpenters,21680,5.4,1.0,44050.0,False,43780.0,False,31660.0,36730.0,49400.0,57670.0,2025
47-3013,Helpers--Electricians,63630,3.5,0.6,44080.0,False,42670.0,False,33020.0,36830.0,48470.0,58340.0,2025
47-3014,"Helpers--Painters, Paperhangers, Plasterers, and Stucco Masons",7490,12.3,2.3,42440.0,False,40470.0,False,31200.0,36830.0,49090.0,52000.0,2025
47-3015,"Helpers--Pipelayers, Plumbers, Pipefitters, and Steamfitters",44330,4.0,1.4,43730.0,False,42360.0,False,33590.0,36940.0,47720.0,57780.0,2025
47-3016,Helpers--Roofers,6030,9.5,4.1,45150.0,False,44160.0,False,30140.0,37030.0,48970.0,62400.0,2025
47-3019,"Helpers, Construction Trades, All Other",24770,5.7,1.1,45140.0,False,42670.0,False,32900.0,37030.0,48880.0,60080.0,2025
47-4011,Construction and Building Inspectors,146720,1.7,0.6,77730.0,False,74690.0,False,47140.0,58860.0,94710.0,114200.0,2025
47-4021,Elevator and Escalator Installers and Repairers,23790,5.8,1.6,109820.0,False,109910.0,False,59270.0,79290.0,135720.0,158890.0,2025
47-4031,Fence Erectors,24480,6.0,1.3,50530.0,False,47980.0,False,35810.0,40400.0,58610.0,70010.0,2025
47-4041,Hazardous Materials Removal Workers,51710,3.1,1.1,56430.0,False,49450.0,False,38460.0,44720.0,61530.0,82410.0,2025
47-4051,Highway Maintenance Workers,154960,1.0,0.3,53080.0,False,50260.0,False,36230.0,43500.0,61040.0,71970.0,2025
47-4061,Rail-Track Laying and Maintenance Equipment Operators,19580,2.3,0.8,68740.0,False,70070.0,False,45640.0,51280.0,81670.0,87420.0,2025
47-4071,Septic Tank Servicers and Sewer Pipe Cleaners,30650,2.7,0.7,53500.0,False,49880.0,False,37040.0,43530.0,61060.0,73490.0,2025
47-4090,Miscellaneous Construction and Related Workers,28380,5.2,1.7,55130.0,False,49910.0,False,36510.0,42810.0,62440.0,78700.0,2025
47-5011,"Derrick Operators, Oil and Gas",10590,7.4,2.2,60210.0,False,58620.0,False,43380.0,49880.0,71610.0,81800.0,2025
47-5012,"Rotary Drill Operators, Oil and Gas",12600,5.8,1.6,72130.0,False,67890.0,False,47010.0,53810.0,81360.0,101860.0,2025
47-5013,"Service Unit Operators, Oil and Gas",43140,3.6,1.3,62470.0,False,58160.0,False,38940.0,47480.0,73230.0,97560.0,2025
47-5022,"Excavating and Loading Machine and Dragline Operators, Surface Mining",34480,2.8,0.9,59930.0,False,57430.0,False,41600.0,47890.0,65730.0,82400.0,2025
47-5023,"Earth Drillers, Except Oil and Gas",19450,4.1,1.0,62830.0,False,60190.0,False,44460.0,49900.0,72450.0,83800.0,2025
47-5032,"Explosives Workers, Ordnance Handling Experts, and Blasters",5100,6.6,2.2,66640.0,False,61390.0,False,40480.0,49630.0,80370.0,99360.0,2025
47-5041,Continuous Mining Machine Operators,14000,2.5,1.0,65050.0,False,61810.0,False,46770.0,51610.0,77570.0,86210.0,2025
47-5043,"Roof Bolters, Mining",2160,3.3,0.7,78100.0,False,78540.0,False,63750.0,71390.0,81860.0,92830.0,2025
47-5044,"Loading and Moving Machine Operators, Underground Mining",5930,8.0,1.0,71240.0,False,74500.0,False,52030.0,61410.0,79150.0,87730.0,2025
47-5049,"Underground Mining Machine Operators, All Other",3180,11.9,3.5,69860.0,False,70130.0,False,49020.0,51670.0,83120.0,85010.0,2025
47-5051,"Rock Splitters, Quarry",3320,8.2,2.0,51500.0,False,48740.0,False,37340.0,42670.0,60030.0,67710.0,2025
47-5071,"Roustabouts, Oil and Gas",44970,4.7,1.0,49200.0,False,46960.0,False,36420.0,38850.0,58120.0,64530.0,2025
47-5081,Helpers--Extraction Workers,6700,8.6,1.2,50620.0,False,47730.0,False,36960.0,41430.0,57920.0,68020.0,2025
47-5099,"Extraction Workers, All Other",5540,7.8,2.2,57890.0,False,57010.0,False,37530.0,44370.0,65380.0,82160.0,2025
49-1011,"First-Line Supervisors of Mechanics, Installers, and Repairers",617500,0.6,0.2,85220.0,False,79860.0,False,49600.0,62690.0,101360.0,126790.0,2025
49-2011,"Computer, Automated Teller, and Office Machine Repairers",65600,2.1,0.6,50880.0,False,47810.0,False,35910.0,38900.0,59870.0,71730.0,2025
49-2021,"Radio, Cellular, and Tower Equipment Installers and Repairers",11140,7.1,1.6,69870.0,False,63520.0,False,44460.0,50580.0,82370.0,103990.0,2025
49-2022,"Telecommunications Equipment Installers and Repairers, Except Line Installers",140920,2.1,0.6,68500.0,False,63890.0,False,44240.0,51830.0,81690.0,96730.0,2025
49-2091,Avionics Technicians,18830,3.5,0.8,83380.0,False,82280.0,False,49410.0,63900.0,99110.0,113680.0,2025
49-2092,"Electric Motor, Power Tool, and Related Repairers",14450,6.1,1.6,58610.0,False,56210.0,False,37100.0,45190.0,69090.0,85200.0,2025
49-2093,"Electrical and Electronics Installers and Repairers, Transportation Equipment",6940,4.6,1.6,83300.0,False,84890.0,False,50750.0,63560.0,98850.0,116810.0,2025
49-2094,"Electrical and Electronics Repairers, Commercial and Industrial Equipment",65010,2.5,0.7,75570.0,False,74090.0,False,46840.0,60040.0,88710.0,105590.0,2025
49-2095,"Electrical and Electronics Repairers, Powerhouse, Substation, and Relay",20720,2.5,0.6,100760.0,False,103020.0,False,65730.0,81860.0,118870.0,129920.0,2025
49-2096,"Electronic Equipment Installers and Repairers, Motor Vehicles",8550,7.1,1.9,51560.0,False,48420.0,False,35590.0,43310.0,58500.0,70170.0,2025
49-2097,Audiovisual Equipment Installers and Repairers,19780,6.3,2.0,57930.0,False,52600.0,False,36760.0,44490.0,67300.0,84190.0,2025
49-2098,Security and Fire Alarm Systems Installers,86340,2.8,0.8,60960.0,False,60070.0,False,38800.0,47820.0,73690.0,81150.0,2025
49-3011,Aircraft Mechanics and Service Technicians,138090,1.3,0.7,84740.0,False,79870.0,False,48780.0,62630.0,99130.0,128890.0,2025
49-3021,Automotive Body and Related Repairers,149310,1.4,0.7,59690.0,False,54890.0,False,36910.0,45750.0,69200.0,87940.0,2025
49-3022,Automotive Glass Installers and Repairers,20310,3.6,0.9,50430.0,False,47630.0,False,35390.0,40110.0,59550.0,70650.0,2025
49-3023,Automotive Service Technicians and Mechanics,704640,0.6,0.3,56420.0,False,50620.0,False,34660.0,38900.0,70430.0,81790.0,2025
49-3031,Bus and Truck Mechanics and Diesel Engine Specialists,289960,1.0,0.3,64320.0,False,61770.0,False,44530.0,50540.0,75470.0,88740.0,2025
49-3041,Farm Equipment Mechanics and Service Technicians,37870,2.2,0.6,57290.0,False,56550.0,False,37470.0,46450.0,65580.0,78740.0,2025
49-3042,"Mobile Heavy Equipment Mechanics, Except Engines",176600,1.6,0.7,69240.0,False,65510.0,False,46820.0,56970.0,79270.0,94460.0,2025
49-3043,Rail Car Repairers,21350,2.5,0.7,70680.0,False,67530.0,False,46800.0,54520.0,84570.0,95100.0,2025
49-3051,Motorboat Mechanics and Service Technicians,23220,3.1,1.1,58070.0,False,57550.0,False,36950.0,46750.0,66620.0,79330.0,2025
49-3052,Motorcycle Mechanics,13510,3.0,0.9,52370.0,False,48580.0,False,34770.0,39550.0,61510.0,74400.0,2025
49-3053,Outdoor Power Equipment and Other Small Engine Mechanics,36060,2.2,0.5,49990.0,False,47880.0,False,34670.0,40670.0,58560.0,67260.0,2025
49-3091,Bicycle Repairers,12170,5.2,1.0,42730.0,False,42780.0,False,31220.0,36360.0,48020.0,55000.0,2025
49-3092,Recreational Vehicle Service Technicians,17430,4.0,1.3,56440.0,False,52000.0,False,36120.0,44920.0,63890.0,77960.0,2025
49-3093,Tire Repairers and Changers,108410,1.5,0.4,40170.0,False,37710.0,False,30010.0,34690.0,45300.0,50230.0,2025
49-9011,Mechanical Door Repairers,27120,5.4,1.2,57540.0,False,55720.0,False,38490.0,46610.0,65630.0,78260.0,2025
49-9012,"Control and Valve Installers and Repairers, Except Mechanical Door",48240,3.0,0.9,76210.0,False,74340.0,False,45910.0,54950.0,97120.0,112500.0,2025
49-9021,"Heating, Air Conditioning, and Refrigeration Mechanics and Installers",409670,1.3,0.5,64780.0,False,61010.0,False,40050.0,48360.0,77060.0,95210.0,2025
49-9031,Home Appliance Repairers,32150,4.0,1.2,56040.0,False,50990.0,False,36190.0,43780.0,63390.0,80660.0,2025
49-9041,Industrial Machinery Mechanics,439640,0.7,0.3,68460.0,False,64520.0,False,46120.0,55010.0,78780.0,95170.0,2025
49-9043,"Maintenance Workers, Machinery",60020,1.6,0.6,64610.0,False,60850.0,False,42000.0,48920.0,75200.0,88550.0,2025
49-9044,Millwrights,40330,2.4,0.8,69780.0,False,65700.0,False,46290.0,56390.0,81500.0,93600.0,2025
49-9045,"Refractory Materials Repairers, Except Brickmasons",1080,12.8,3.5,63770.0,False,61290.0,False,40590.0,50050.0,75000.0,86510.0,2025
49-9051,Electrical Power-Line Installers and Repairers,131070,1.6,0.6,91970.0,False,95320.0,False,51470.0,67270.0,109740.0,128690.0,2025
49-9052,Telecommunications Line Installers and Repairers,97720,2.3,0.7,73940.0,False,74330.0,False,45310.0,54310.0,95850.0,103680.0,2025
49-9061,Camera and Photographic Equipment Repairers,1650,17.1,4.1,56040.0,False,52720.0,False,34320.0,41630.0,66070.0,83940.0,2025
49-9062,Medical Equipment Repairers,65990,2.8,0.9,65930.0,False,61660.0,False,38490.0,47470.0,78500.0,98280.0,2025
49-9063,Musical Instrument Repairers and Tuners,5380,4.7,1.7,49960.0,False,46420.0,False,31220.0,37670.0,58430.0,71600.0,2025
49-9064,Watch and Clock Repairers,1310,20.5,4.8,70840.0,False,67230.0,False,34240.0,47650.0,91490.0,109990.0,2025
49-9069,"Precision Instrument and Equipment Repairers, All Other",9400,5.3,2.0,71180.0,False,68990.0,False,40140.0,51070.0,84390.0,102990.0,2025
49-9071,"Maintenance and Repair Workers, General",1529700,0.5,0.2,53780.0,False,49590.0,False,35350.0,40840.0,62620.0,77180.0,2025
49-9081,Wind Turbine Service Technicians,9980,6.2,1.0,68980.0,False,64120.0,False,49230.0,58840.0,78010.0,92460.0,2025
49-9091,"Coin, Vending, and Amusement Machine Servicers and Repairers",26410,2.9,0.7,49770.0,False,47450.0,False,34320.0,39760.0,58110.0,66370.0,2025
49-9092,Commercial Divers,3450,11.3,7.9,88320.0,False,72990.0,False,43330.0,54810.0,101550.0,157790.0,2025
49-9094,Locksmiths and Safe Repairers,15040,2.0,1.4,55470.0,False,51320.0,False,35530.0,43160.0,64560.0,79400.0,2025
49-9095,Manufactured Building and Mobile Home Installers,3020,13.2,3.8,45410.0,False,45990.0,False,27120.0,35800.0,51970.0,60810.0,2025
49-9096,Riggers,22530,4.0,1.3,66810.0,False,62640.0,False,40680.0,48210.0,80180.0,97850.0,2025
49-9097,Signal and Track Switch Repairers,8720,2.5,0.9,90410.0,False,92460.0,False,62610.0,79720.0,99320.0,119550.0,2025
49-9098,"Helpers--Installation, Maintenance, and Repair Workers",95580,2.3,0.5,41490.0,False,39630.0,False,29310.0,34910.0,46890.0,55890.0,2025
49-9099,"Installation, Maintenance, and Repair Workers, All Other",176300,1.8,0.5,53850.0,False,49230.0,False,36080.0,42170.0,61900.0,77040.0,2025
51-1011,First-Line Supervisors of Production and Operating Workers,673430,0.3,0.2,76600.0,False,74450.0,False,47130.0,58630.0,91680.0,108750.0,2025
51-2011,"Aircraft Structure, Surfaces, Rigging, and Systems Assemblers",34020,1.8,0.5,71420.0,False,65380.0,False,47310.0,58600.0,83410.0,107500.0,2025
51-2021,"Coil Winders, Tapers, and Finishers",12840,4.7,0.7,50470.0,False,48220.0,False,37540.0,42050.0,58770.0,63300.0,2025
51-2028,"Electrical, Electronic, and Electromechanical Assemblers, Except Coil Winders, Tapers, and Finishers",246970,1.1,0.3,47660.0,False,45850.0,False,35350.0,38380.0,51670.0,62950.0,2025
51-2031,Engine and Other Machine Assemblers,34000,1.7,0.6,57790.0,False,53710.0,False,38500.0,45230.0,74920.0,77750.0,2025
51-2041,Structural Metal Fabricators and Fitters,52360,3.1,0.7,54030.0,False,51330.0,False,37960.0,45610.0,61250.0,72280.0,2025
51-2051,Fiberglass Laminators and Fabricators,16170,3.8,0.9,49550.0,False,46880.0,False,36910.0,39430.0,54490.0,63760.0,2025
51-2061,Timing Device Assemblers and Adjusters,250,35.0,13.9,56720.0,False,62620.0,False,27880.0,29040.0,72740.0,78270.0,2025
51-2090,Miscellaneous Assemblers and Fabricators,1405030,0.5,0.2,46660.0,False,44650.0,False,33280.0,37380.0,51200.0,64880.0,2025
51-3011,Bakers,236200,2.0,0.4,38480.0,False,37160.0,False,28120.0,32660.0,44360.0,49020.0,2025
51-3021,Butchers and Meat Cutters,136430,1.4,0.4,42380.0,False,40140.0,False,29460.0,35510.0,48050.0,58110.0,2025
51-3022,"Meat, Poultry, and Fish Cutters and Trimmers",145700,1.3,0.3,39280.0,False,38300.0,False,29980.0,35350.0,44170.0,48150.0,2025
51-3023,Slaughterers and Meat Packers,69950,1.8,0.4,41770.0,False,40130.0,False,33340.0,36150.0,46870.0,51090.0,2025
51-3091,"Food and Tobacco Roasting, Baking, and Drying Machine Operators and Tenders",20370,3.4,0.9,45930.0,False,44810.0,False,33250.0,37540.0,50680.0,62680.0,2025
51-3092,Food Batchmakers,174520,1.5,0.4,43750.0,False,42290.0,False,31990.0,36350.0,49670.0,58940.0,2025
51-3093,Food Cooking Machine Operators and Tenders,31250,3.2,0.6,42570.0,False,41590.0,False,31680.0,36190.0,47380.0,54410.0,2025
51-3099,"Food Processing Workers, All Other",65000,2.0,0.3,40300.0,False,39680.0,False,32210.0,36410.0,44130.0,47950.0,2025
51-4021,"Extruding and Drawing Machine Setters, Operators, and Tenders, Metal and Plastic",60840,2.4,0.4,49480.0,False,47720.0,False,36700.0,40450.0,56840.0,63710.0,2025
51-4022,"Forging Machine Setters, Operators, and Tenders, Metal and Plastic",8930,5.9,1.3,51680.0,False,49030.0,False,36800.0,42440.0,60130.0,68720.0,2025
51-4023,"Rolling Machine Setters, Operators, and Tenders, Metal and Plastic",25250,2.6,0.5,53220.0,False,50140.0,False,37690.0,44020.0,61880.0,70310.0,2025
51-4031,"Cutting, Punching, and Press Machine Setters, Operators, and Tenders, Metal and Plastic",171200,1.2,0.3,48430.0,False,46330.0,False,35760.0,38870.0,55410.0,65510.0,2025
51-4032,"Drilling and Boring Machine Tool Setters, Operators, and Tenders, Metal and Plastic",4680,3.8,1.2,51810.0,False,49080.0,False,36300.0,41710.0,57940.0,68410.0,2025
51-4033,"Grinding, Lapping, Polishing, and Buffing Machine Tool Setters, Operators, and Tenders, Metal and Plastic",67000,1.5,0.3,48170.0,False,46550.0,False,36110.0,39390.0,54290.0,62600.0,2025
51-4034,"Lathe and Turning Machine Tool Setters, Operators, and Tenders, Metal and Plastic",16710,4.2,0.9,52490.0,False,50620.0,False,36670.0,43250.0,60700.0,69700.0,2025
51-4035,"Milling and Planing Machine Setters, Operators, and Tenders, Metal and Plastic",12460,5.4,1.4,56740.0,False,52800.0,False,37840.0,45210.0,64900.0,81030.0,2025
51-4041,Machinists,287050,0.9,0.2,59320.0,False,58750.0,False,39200.0,47570.0,67700.0,80010.0,2025
51-4051,Metal-Refining Furnace Operators and Tenders,16780,2.5,0.4,55490.0,False,54430.0,False,39200.0,46080.0,62810.0,74470.0,2025
51-4052,"Pourers and Casters, Metal",4560,4.1,0.7,54290.0,False,51810.0,False,38480.0,45190.0,61700.0,72040.0,2025
51-4061,"Model Makers, Metal and Plastic",2610,6.9,2.2,68570.0,False,63340.0,False,39760.0,47360.0,86740.0,99010.0,2025
51-4062,"Patternmakers, Metal and Plastic",1470,6.8,1.5,60610.0,False,58000.0,False,42460.0,49070.0,69960.0,82590.0,2025
51-4071,Foundry Mold and Coremakers,12790,3.1,0.6,49860.0,False,48110.0,False,37160.0,41870.0,57350.0,62640.0,2025
51-4072,"Molding, Coremaking, and Casting Machine Setters, Operators, and Tenders, Metal and Plastic",150470,1.4,0.3,45960.0,False,44350.0,False,34170.0,37270.0,51020.0,61600.0,2025
51-4081,"Multiple Machine Tool Setters, Operators, and Tenders, Metal and Plastic",124590,1.6,0.3,50030.0,False,47180.0,False,35780.0,39420.0,57800.0,74450.0,2025
51-4111,Tool and Die Makers,56930,1.9,0.4,66860.0,False,64050.0,False,44680.0,51490.0,78770.0,92680.0,2025
51-4121,"Welders, Cutters, Solderers, and Brazers",416210,0.8,0.2,56760.0,False,53750.0,False,39240.0,46790.0,63010.0,77530.0,2025
51-4122,"Welding, Soldering, and Brazing Machine Setters, Operators, and Tenders",31600,2.6,0.5,50220.0,False,47920.0,False,36860.0,40560.0,57390.0,66540.0,2025
51-4191,"Heat Treating Equipment Setters, Operators, and Tenders, Metal and Plastic",14000,3.5,0.8,50450.0,False,48750.0,False,35180.0,40660.0,58400.0,66350.0,2025
51-4192,"Layout Workers, Metal and Plastic",5970,4.9,1.9,66520.0,False,63870.0,False,39980.0,50910.0,79470.0,93860.0,2025
51-4193,"Plating Machine Setters, Operators, and Tenders, Metal and Plastic",32410,2.6,0.6,45100.0,False,43960.0,False,33790.0,37260.0,49600.0,60370.0,2025
51-4194,"Tool Grinders, Filers, and Sharpeners",5600,5.8,1.2,53240.0,False,50060.0,False,35350.0,40800.0,62150.0,77170.0,2025
51-4199,"Metal Workers and Plastic Workers, All Other",15900,3.7,0.7,48580.0,False,45950.0,False,35350.0,39190.0,54100.0,65510.0,2025
51-5111,Prepress Technicians and Workers,23840,2.3,0.6,50800.0,False,48690.0,False,35810.0,40930.0,58580.0,66080.0,2025
51-5112,Printing Press Operators,144260,1.2,0.4,47360.0,False,45780.0,False,33330.0,37390.0,55740.0,63520.0,2025
51-5113,Print Binding and Finishing Workers,33180,2.4,0.5,44460.0,False,42290.0,False,32220.0,36910.0,49130.0,59150.0,2025
51-6011,Laundry and Dry-Cleaning Workers,198040,1.7,0.4,34920.0,False,34890.0,False,27440.0,30360.0,37560.0,43190.0,2025
51-6021,"Pressers, Textile, Garment, and Related Materials",26120,3.1,0.7,34640.0,False,35060.0,False,27180.0,29870.0,37940.0,43050.0,2025
51-6031,Sewing Machine Operators,104880,1.6,0.4,37600.0,False,36670.0,False,27860.0,31960.0,42830.0,47840.0,2025
51-6041,Shoe and Leather Workers and Repairers,7450,8.0,1.4,39160.0,False,37800.0,False,28210.0,31270.0,45670.0,52550.0,2025
51-6042,Shoe Machine Operators and Tenders,3280,9.0,2.2,36280.0,False,35650.0,False,26560.0,29090.0,43090.0,47700.0,2025
51-6051,"Sewers, Hand",2190,11.0,2.1,37210.0,False,36480.0,False,27680.0,33330.0,40720.0,47570.0,2025
51-6052,"Tailors, Dressmakers, and Custom Sewers",13920,5.4,1.3,45140.0,False,41640.0,False,29920.0,35230.0,50200.0,63670.0,2025
51-6061,Textile Bleaching and Dyeing Machine Operators and Tenders,5310,8.1,1.5,40380.0,False,38180.0,False,30300.0,35680.0,45280.0,48100.0,2025
51-6062,"Textile Cutting Machine Setters, Operators, and Tenders",9000,4.4,0.9,39530.0,False,38760.0,False,28650.0,34230.0,45220.0,49420.0,2025
51-6063,"Textile Knitting and Weaving Machine Setters, Operators, and Tenders",13030,2.8,0.5,40720.0,False,39530.0,False,29960.0,36390.0,45220.0,49130.0,2025
51-6064,"Textile Winding, Twisting, and Drawing Out Machine Setters, Operators, and Tenders",22020,2.5,0.5,40120.0,False,38670.0,False,31790.0,36420.0,42940.0,49420.0,2025
51-6091,"Extruding and Forming Machine Setters, Operators, and Tenders, Synthetic and Glass Fibers",12850,4.3,1.0,48580.0,False,46350.0,False,35890.0,39360.0,57280.0,63910.0,2025
51-6092,Fabric and Apparel Patternmakers,2950,10.0,4.3,71420.0,False,62750.0,False,33790.0,42620.0,93930.0,123540.0,2025
51-6093,Upholsterers,20140,2.7,0.6,47340.0,False,46340.0,False,31690.0,37340.0,54580.0,63770.0,2025
51-6099,"Textile, Apparel, and Furnishings Workers, All Other",13530,6.1,1.4,40560.0,False,37280.0,False,31270.0,34320.0,44620.0,52730.0,2025
51-7011,Cabinetmakers and Bench Carpenters,77170,2.1,0.5,48290.0,False,46680.0,False,35650.0,38830.0,55760.0,63720.0,2025
51-7021,Furniture Finishers,14480,3.4,0.6,45300.0,False,44540.0,False,32160.0,37670.0,49730.0,61020.0,2025
51-7031,"Model Makers, Wood",280,20.6,7.6,63670.0,False,56550.0,False,34800.0,37660.0,87150.0,98050.0,2025
51-7032,"Patternmakers, Wood",220,25.7,6.3,54240.0,False,49630.0,False,37600.0,41170.0,59350.0,83780.0,2025
51-7041,"Sawing Machine Setters, Operators, and Tenders, Wood",40850,1.9,0.4,43580.0,False,42770.0,False,30890.0,36510.0,48620.0,58170.0,2025
51-7042,"Woodworking Machine Setters, Operators, and Tenders, Except Sawing",61420,1.8,0.3,43570.0,False,43380.0,False,32110.0,37100.0,48720.0,56830.0,2025
51-7099,"Woodworkers, All Other",5490,7.0,1.9,46070.0,False,44530.0,False,30510.0,36320.0,55180.0,64150.0,2025
51-8011,Nuclear Power Reactor Operators,5150,0.5,0.1,121380.0,False,122890.0,False,98640.0,109440.0,130490.0,149310.0,2025
51-8012,Power Distributors and Dispatchers,8520,5.7,0.9,111320.0,False,106730.0,False,72440.0,90200.0,130940.0,154270.0,2025
51-8013,Power Plant Operators,29320,2.4,0.7,99790.0,False,102040.0,False,61790.0,79690.0,119080.0,131940.0,2025
51-8021,Stationary Engineers and Boiler Operators,28250,2.1,0.6,83960.0,False,78620.0,False,50590.0,63160.0,101150.0,125390.0,2025
51-8031,Water and Wastewater Treatment Plant and System Operators,128490,1.1,0.4,62540.0,False,60020.0,False,39110.0,48040.0,74780.0,91060.0,2025
51-8091,Chemical Plant and System Operators,16610,5.2,1.4,79970.0,False,78120.0,False,48400.0,60330.0,98660.0,111930.0,2025
51-8092,Gas Plant Operators,18030,3.5,0.6,88710.0,False,87820.0,False,61350.0,76870.0,100870.0,115520.0,2025
51-8093,"Petroleum Pump System Operators, Refinery Operators, and Gaugers",33160,2.9,0.9,90630.0,False,96710.0,False,57110.0,77510.0,106320.0,115880.0,2025
51-8099,"Plant and System Operators, All Other",14080,4.4,1.1,65700.0,False,62470.0,False,40700.0,48900.0,78480.0,94560.0,2025
51-9011,Chemical Equipment Operators and Tenders,139630,1.6,0.7,60710.0,False,58040.0,False,37440.0,45970.0,74080.0,92250.0,2025
51-9012,"Separating, Filtering, Clarifying, Precipitating, and Still Machine Setters, Operators, and Tenders",60100,3.3,1.1,56030.0,False,51610.0,False,36200.0,44410.0,63930.0,79750.0,2025
51-9021,"Crushing, Grinding, and Polishing Machine Setters, Operators, and Tenders",26000,2.8,0.6,51380.0,False,48540.0,False,36520.0,40430.0,60040.0,69240.0,2025
51-9022,"Grinding and Polishing Workers, Hand",10510,4.7,1.1,45020.0,False,42660.0,False,33480.0,37450.0,49980.0,60810.0,2025
51-9023,"Mixing and Blending Machine Setters, Operators, and Tenders",94920,1.5,0.4,52090.0,False,48990.0,False,36790.0,42850.0,59860.0,70200.0,2025
51-9031,"Cutters and Trimmers, Hand",6060,5.3,1.3,41050.0,False,38020.0,False,26630.0,34050.0,47850.0,57870.0,2025
51-9032,"Cutting and Slicing Machine Setters, Operators, and Tenders",44980,2.0,0.4,47460.0,False,46570.0,False,35930.0,39440.0,53800.0,61120.0,2025
51-9041,"Extruding, Forming, Pressing, and Compacting Machine Setters, Operators, and Tenders",58770,2.5,0.7,47260.0,False,45760.0,False,34630.0,38360.0,52580.0,63450.0,2025
51-9051,"Furnace, Kiln, Oven, Drier, and Kettle Operators and Tenders",14280,3.4,0.8,50940.0,False,48040.0,False,35960.0,41130.0,59830.0,69800.0,2025
51-9061,"Inspectors, Testers, Sorters, Samplers, and Weighers",597370,0.7,0.3,53450.0,False,48570.0,False,35510.0,39890.0,61440.0,77860.0,2025
51-9071,Jewelers and Precious Stone and Metal Workers,22440,3.9,2.4,57960.0,False,52540.0,False,35580.0,39520.0,69810.0,87540.0,2025
51-9081,Dental Laboratory Technicians,34410,2.5,0.8,54290.0,False,49610.0,False,36660.0,40420.0,62070.0,76940.0,2025
51-9082,Medical Appliance Technicians,11280,5.7,1.4,52730.0,False,48030.0,False,36510.0,42210.0,60580.0,75740.0,2025
51-9083,Ophthalmic Laboratory Technicians,18660,4.8,1.0,43190.0,False,39460.0,False,33530.0,36470.0,47010.0,57380.0,2025
51-9111,Packaging and Filling Machine Operators and Tenders,379060,0.8,0.2,44590.0,False,43220.0,False,33390.0,36850.0,49070.0,60030.0,2025
51-9123,"Painting, Coating, and Decorating Workers",7940,9.9,1.7,45210.0,False,41600.0,False,31470.0,37030.0,50360.0,60820.0,2025
51-9124,"Coating, Painting, and Spraying Machine Setters, Operators, and Tenders",158740,1.2,0.4,52620.0,False,48250.0,False,36260.0,40590.0,59680.0,74730.0,2025
51-9141,Semiconductor Processing Technicians,31460,1.8,0.6,60180.0,False,51430.0,False,37690.0,45640.0,65010.0,82540.0,2025
51-9151,Photographic Process Workers and Processing Machine Operators,4800,5.7,1.9,46050.0,False,40610.0,False,30090.0,35170.0,50150.0,68800.0,2025
51-9161,Computer Numerically Controlled Tool Operators,169450,1.5,0.3,54320.0,False,50690.0,False,38140.0,44930.0,61760.0,73890.0,2025
51-9162,Computer Numerically Controlled Tool Programmers,28500,1.8,0.7,72210.0,False,68120.0,False,47530.0,58270.0,81890.0,100320.0,2025
51-9191,Adhesive Bonding Machine Operators and Tenders,11500,4.0,1.0,46850.0,False,46460.0,False,31460.0,37220.0,53610.0,60810.0,2025
51-9192,"Cleaning, Washing, and Metal Pickling Equipment Operators and Tenders",14760,2.7,0.5,44600.0,False,43530.0,False,33790.0,37310.0,49320.0,58570.0,2025
51-9193,Cooling and Freezing Equipment Operators and Tenders,6900,3.1,0.8,44940.0,False,41330.0,False,33430.0,36380.0,49550.0,62340.0,2025
51-9194,Etchers and Engravers,7750,4.8,1.6,46320.0,False,43310.0,False,32210.0,37400.0,53050.0,63360.0,2025
51-9195,"Molders, Shapers, and Casters, Except Metal and Plastic",33190,2.9,0.6,47500.0,False,46170.0,False,35850.0,39280.0,53000.0,61530.0,2025
51-9196,"Paper Goods Machine Setters, Operators, and Tenders",96130,1.4,0.4,52840.0,False,50270.0,False,37300.0,44920.0,60180.0,70320.0,2025
51-9197,Tire Builders,20770,2.7,0.6,57160.0,False,57390.0,False,40150.0,47900.0,64380.0,74680.0,2025
51-9198,Helpers--Production Workers,165700,1.4,0.3,41120.0,False,39070.0,False,31140.0,35220.0,45990.0,53410.0,2025
51-9199,"Production Workers, All Other",251700,1.3,0.3,44380.0,False,40110.0,False,31200.0,36030.0,49010.0,61530.0,2025
53-1041,Aircraft Cargo Handling Supervisors,9760,3.1,1.2,65010.0,False,58170.0,False,41690.0,49820.0,78530.0,92160.0,2025
53-1047,"First-Line Supervisors of Transportation and Material Moving Workers, Except Aircraft Cargo Handling Supervisors",623640,0.5,0.2,66860.0,False,62890.0,False,43360.0,50070.0,78160.0,96150.0,2025
53-2011,"Airline Pilots, Copilots, and Flight Engineers",103560,1.1,2.7,288650.0,False,232140.0,False,106710.0,182280.0,384440.0,463830.0,2025
53-2012,Commercial Pilots,47630,2.2,1.6,146080.0,False,123220.0,False,58850.0,84540.0,190440.0,266620.0,2025
53-2021,Air Traffic Controllers,22510,0.7,0.3,146490.0,False,148080.0,False,78420.0,104520.0,190570.0,215610.0,2025
53-2022,Airfield Operations Specialists,15190,4.4,1.8,63610.0,False,56850.0,False,35870.0,42000.0,77340.0,102120.0,2025
53-2031,Flight Attendants,131650,0.9,0.5,77440.0,False,63580.0,False,35110.0,51760.0,95640.0,136430.0,2025
53-3011,"Ambulance Drivers and Attendants, Except Emergency Medical Technicians",12630,4.9,0.8,36210.0,False,35450.0,False,27350.0,30750.0,38410.0,45960.0,2025
53-3031,Driver/Sales Workers,409180,2.4,0.8,40730.0,False,38770.0,False,22590.0,30200.0,49000.0,59980.0,2025
53-3032,Heavy and Tractor-Trailer Truck Drivers,2062040,0.5,0.2,59710.0,False,58640.0,False,40140.0,47960.0,69120.0,79380.0,2025
53-3033,Light Truck Drivers,983300,0.7,0.3,48770.0,False,44860.0,False,30800.0,37270.0,52310.0,80310.0,2025
53-3051,"Bus Drivers, School",402930,1.0,0.3,48430.0,False,47920.0,False,29240.0,38650.0,58430.0,65730.0,2025
53-3052,"Bus Drivers, Transit and Intercity",159240,1.1,0.3,60280.0,False,59050.0,False,40030.0,47530.0,70700.0,84700.0,2025
53-3053,Shuttle Drivers and Chauffeurs,248530,1.3,0.5,39880.0,False,37290.0,False,28090.0,32710.0,45700.0,55070.0,2025
53-3054,Taxi Drivers,41050,12.9,2.9,49930.0,False,42100.0,False,34650.0,37790.0,60960.0,75800.0,2025
53-3099,"Motor Vehicle Operators, All Other",46880,3.2,1.0,42430.0,False,37180.0,False,26540.0,31220.0,48980.0,66500.0,2025
53-4011,Locomotive Engineers,33470,0.8,0.5,85900.0,False,81410.0,False,60680.0,75190.0,93260.0,109220.0,2025
53-4013,"Rail Yard Engineers, Dinkey Operators, and Hostlers",3920,4.0,1.3,68450.0,False,60600.0,False,44540.0,52780.0,80360.0,100270.0,2025
53-4022,"Railroad Brake, Signal, and Switch Operators and Locomotive Firers",12400,1.7,0.5,69030.0,False,68840.0,False,45660.0,57820.0,76590.0,86590.0,2025
53-4031,Railroad Conductors and Yardmasters,46440,0.7,0.4,79100.0,False,78000.0,False,58740.0,65610.0,83820.0,109770.0,2025
53-4041,Subway and Streetcar Operators,10200,2.2,0.5,77170.0,False,86380.0,False,55180.0,61980.0,90140.0,90140.0,2025
53-4099,"Rail Transportation Workers, All Other",1120,13.3,3.4,60140.0,False,56360.0,False,40080.0,47570.0,74090.0,83190.0,2025
53-5011,Sailors and Marine Oilers,31670,3.8,1.5,56830.0,False,51520.0,False,34560.0,41430.0,67590.0,83620.0,2025
53-5021,"Captains, Mates, and Pilots of Water Vessels",36850,2.8,2.2,103720.0,False,92460.0,False,47420.0,63880.0,127180.0,170640.0,2025
53-5022,Motorboat Operators,2480,11.9,4.1,56270.0,False,47520.0,False,34510.0,42760.0,69010.0,84530.0,2025
53-5031,Ship Engineers,8400,4.4,1.2,111790.0,False,109530.0,False,57870.0,82130.0,135760.0,165490.0,2025
53-6011,Bridge and Lock Tenders,3040,1.8,0.6,55370.0,False,57700.0,False,28090.0,38640.0,69620.0,75360.0,2025
53-6021,Parking Attendants,137880,2.3,0.5,34990.0,False,35150.0,False,27040.0,29960.0,37670.0,44550.0,2025
53-6031,Automotive and Watercraft Service Attendants,102010,1.8,0.5,36780.0,False,35670.0,False,28630.0,31300.0,39320.0,46060.0,2025
53-6032,Aircraft Service Attendants,31300,3.3,0.7,43330.0,False,40450.0,False,33830.0,35740.0,46830.0,57610.0,2025
53-6041,Traffic Technicians,7860,5.0,1.1,62050.0,False,59090.0,False,39090.0,46440.0,75850.0,85130.0,2025
53-6051,Transportation Inspectors,24500,3.2,1.7,88540.0,False,92100.0,False,40330.0,58780.0,108890.0,138670.0,2025
53-6061,Passenger Attendants,27110,4.7,1.2,37820.0,False,37720.0,False,27970.0,31240.0,41680.0,46590.0,2025
53-6099,"Transportation Workers, All Other",13550,3.8,1.2,50890.0,False,45650.0,False,33080.0,38240.0,60400.0,79540.0,2025
53-7011,Conveyor Operators and Tenders,22930,3.3,0.6,45080.0,False,42420.0,False,36180.0,38180.0,48530.0,59470.0,2025
53-7021,Crane and Tower Operators,42890,2.8,1.3,72130.0,False,68080.0,False,42640.0,52600.0,83200.0,103570.0,2025
53-7031,Dredge Operators,1040,20.1,3.5,56120.0,False,49640.0,False,41080.0,46430.0,62070.0,74140.0,2025
53-7041,Hoist and Winch Operators,2600,8.3,3.5,67710.0,False,56450.0,False,35640.0,42690.0,94350.0,118210.0,2025
53-7051,Industrial Truck and Tractor Operators,774420,0.7,0.1,48370.0,False,46420.0,False,36840.0,40030.0,54770.0,62520.0,2025
53-7061,Cleaners of Vehicles and Equipment,380430,0.8,0.2,36980.0,False,35830.0,False,27380.0,30420.0,41040.0,47610.0,2025
53-7062,"Laborers and Freight, Stock, and Material Movers, Hand",2950280,0.4,0.1,42260.0,False,40240.0,False,31270.0,36090.0,46920.0,55140.0,2025
53-7063,Machine Feeders and Offbearers,42330,1.7,0.4,43660.0,False,41220.0,False,32220.0,36420.0,48480.0,58160.0,2025
53-7064,"Packers and Packagers, Hand",559820,0.9,0.2,37540.0,False,36280.0,False,27890.0,32220.0,43060.0,47100.0,2025
53-7065,Stockers and Order Fillers,2833810,0.4,0.1,39540.0,False,37330.0,False,30110.0,34450.0,44650.0,49260.0,2025
53-7071,Gas Compressor and Gas Pumping Station Operators,3510,13.3,3.3,74610.0,False,77320.0,False,46180.0,58580.0,91020.0,99510.0,2025
53-7072,"Pump Operators, Except Wellhead Pumpers",9780,6.4,2.2,63960.0,False,61770.0,False,39420.0,47560.0,77210.0,91820.0,2025
53-7073,Wellhead Pumpers,17990,7.5,2.4,70370.0,False,69960.0,False,44100.0,52330.0,82200.0,98170.0,2025
53-7081,Refuse and Recyclable Material Collectors,147240,1.6,0.5,52820.0,False,49690.0,False,33590.0,39080.0,62020.0,75900.0,2025
53-7121,"Tank Car, Truck, and Ship Loaders",10700,6.0,1.4,59970.0,False,58870.0,False,39460.0,46300.0,70060.0,83160.0,2025
53-7199,"Material Moving Workers, All Other",23480,4.0,1.0,45640.0,False,41800.0,False,34330.0,36600.0,50220.0,62820.0,2025
